"","PC1","PC2","PC3","PC4","PC5","PC6","Species","Outer_volume","log_Outer_volume"
"3",3.04266462654898,-1.23596032550908,0.971418351767722,1.75668439552472,0.114725809182555,-0.633387505605714,"Acanthis_flammea",322.8,5.78012604124353
"4",3.0415219059931,-1.22834932750344,0.974666866631445,1.76292889531598,0.11492039854415,-0.633417537218991,"Acanthis_flammea",219.8,5.39725731440294
"5",3.04164438788569,-1.22916510826055,0.974318676300421,1.76225958194029,0.114899541587334,-0.633414318296558,"Acanthis_flammea",230.84,5.44604747857237
"6",3.04134450694758,-1.22716777548296,0.975171174909804,1.76389830843891,0.114950607125625,-0.633422199408275,"Acanthis_flammea",203.81,5.3220827200983
"7",-0.99133897527022,0.409572359515344,-1.40732290753903,0.314447483619299,-0.93119186711759,-1.14750344395394,"Acanthorhynchus_superciliosus",121.78,4.81039413599935
"8",-1.41007566734383,0.240153147876963,-1.10638913572067,0.265010753592359,-0.204425810282893,-1.24651282490634,"Acanthorhynchus_tenuirostris",119.58,4.79231343306126
"12",0.970824808455294,0.555907489922906,0.10411983534541,-0.336772023057115,-0.119255983310091,0.161976859549707,"Acrocephalus_arundinaceus",279.26,5.63571774374207
"13",-1.81851953882101,0.189964832349378,-1.31334919026087,0.325574037543046,-0.130603666769881,-0.565070030681033,"Acrocephalus_australis",323.53,5.78237798179387
"15",1.35977117453338,0.579374429105605,0.359123718776164,-0.441334205562406,-0.0598599342485038,-0.069187438781446,"Acrocephalus_dumetorum",347.32,5.85312159748624
"19",0.572790452551306,0.587487952043019,-0.389324737249646,-0.163239643568669,-0.50424588179084,0.473637656729793,"Acrocephalus_melanopogon",192.57,5.26563920415745
"20",0.574597615185745,0.575451491216429,-0.394462121581219,-0.173115047170593,-0.504553616364725,0.47368515041413,"Acrocephalus_melanopogon",355.46,5.8762220315957
"22",0.871711817575793,0.531379011032455,0.162227595756172,-0.337330681516377,0.0324778895310638,0.200119243422795,"Acrocephalus_paludicola",146.53,4.99403154492948
"23",0.927955055263088,0.52479581805506,0.197452629345926,-0.36059270137668,0.0452337403441765,0.168736883022113,"Acrocephalus_palustris",280.73,5.64094916548463
"26",1.32652844737674,0.569928151186273,0.363411106375606,-0.445444878640272,-0.0188236931525648,0.0345642128158284,"Acrocephalus_schoenobaenus",385.92,5.95821795331435
"27",0.559863108363584,0.528954639201277,-0.122254786107877,-0.239314097769521,-0.112406372633174,0.541256071650592,"Acrocephalus_scirpaceus",158.47,5.07185581675988
"28",0.560399743249875,0.525380425866006,-0.123780326534656,-0.242246587622951,-0.112497754064439,0.541270174846069,"Acrocephalus_scirpaceus",206.84,5.33676855292229
"29",-0.0306214387540164,0.387527126181081,-0.393637987955087,-0.168301437888334,-0.0125950044700158,0.659390113240038,"Acrocephalus_stentoreus",938.34,6.84517750099741
"30",-0.0327723051051661,0.401852797864125,-0.387523526046057,-0.156547834252106,-0.0122287419502847,0.659333586746193,"Acrocephalus_stentoreus",744.47,6.61401489194639
"36",0.719071822106079,0.447437078772056,0.201147866535556,-0.360570196740255,0.209339673954527,0.0515105904412315,"Agelaius_phoeniceus",567.04,6.34219183877681
"37",0.720023164704785,0.441100738199399,0.198443399064058,-0.365768894382007,0.209177673587957,0.0515355924882073,"Agelaius_phoeniceus",652.79,6.48278619897583
"38",0.720340574754335,0.43898665419026,0.197541068867445,-0.367503410294899,0.209123623086644,0.0515439342790408,"Agelaius_phoeniceus",681.4,6.52561599617747
"39",0.420143037241497,0.486432381551309,-0.511478359671542,-0.187309066579143,-0.515904106691634,0.399611463660743,"Agelaius_tricolor",1273.38,7.15021506481293
"40",-1.93113279562707,-2.66375396684978,1.86906140862398,2.17162286560021,-1.14754950642971,1.04254661338911,"Agelaius_xanthomus",296.43,5.69517890318203
"50",-0.0351787322264138,0.475924353608825,-0.601175558451635,-0.0577082837551692,-0.358267031544347,0.363937920388423,"Aimophila_ruficeps",336.33,5.82106167970755
"54",-0.286968306115673,0.57463908108113,-1.34300347453267,0.13482861463576,-1.14633614243643,1.11078204161056,"Alaemon_alaudipes",662.2,6.49707660382109
"55",1.37596379030959,0.577201815074184,0.387020688919226,-0.447022053902394,-0.039380270694439,-0.140754515198914,"Alauda_arvensis",322.52,5.77926093583211
"58",0.934627260015486,0.626517191032857,-0.190514911314519,-0.234443862801659,-0.524079752175119,0.100352218484399,"Alaudala_rufescens",105.37,4.66692358226357
"66",-0.164806390712796,0.290978103626668,0.111395696951358,-0.241460758175276,0.728957208142209,0.214972810611663,"Ammospiza_caudacuta",219.06,5.39390023644177
"69",-0.697731424577117,0.227563779090466,-0.159234816127169,-0.129675531202368,0.762470753767137,0.480389802173454,"Ammospiza_maritima",272.27,5.61046031742483
"70",0.8088690613314,0.472334870960317,0.313681296124488,-0.374352527538677,0.279938028508086,-0.00128647354125119,"Ammospiza_nelsoni",205.74,5.33146196514034
"72",0.294671532460566,0.561648694076223,-0.658425253640716,-0.0769096285672798,-0.671652778589788,0.440073001902849,"Amphispiza_bilineata",424.95,6.05432196848885
"74",0.0210200942888401,0.550844408556158,-0.853672993014484,0.00363447558193891,-0.738390714321255,0.590414527092329,"Amphispiza_quinquestriata",347.65,5.85406855366702
"76",-1.45133682833748,0.276321300975245,-1.27945416158291,0.278931518862501,-0.334200900738199,-0.329040896378624,"Andropadus_importunus",314.24,5.75333425348545
"79",-1.3255612959265,0.261551212498376,-1.1886737704781,0.27179037147239,-0.380836083591692,-1.32849984506879,"Anthochaera_phrygia",299.94,5.70691090933073
"87",1.86279456130067,-1.43664581962504,0.691489007449199,1.91150965717598,0.652810202618946,0.14340361414068,"Anthus_petrosus",360.97,5.89156133546344
"88",1.37911382082124,0.551673250327863,0.516214326390645,-0.488581494012615,0.151591118351735,-0.0189149679938935,"Anthus_pratensis",326.52,5.79154912191298
"92",1.40699040212449,0.573456751837858,0.447245735703854,-0.467122543827994,0.0255966164126003,-0.100154394137163,"Anthus_trivialis",305.87,5.72642420513703
"95",0.580226993844282,0.519014478790036,-0.334177270564752,-0.21348688196163,-0.423793168129099,0.191699572476896,"Aphelocoma_californica",798.49,6.6839740243784
"97",-1.50363522086923,-0.905548852273513,-0.503364453176206,-0.788039188330382,1.46306149040247,0.209339079954983,"Aphelocoma_unicolor",12376.3,9.42361942875318
"99",-0.158886779803971,0.556583347505101,-1.15361853214445,0.0617219837502057,-0.963668485158687,1.16229841728373,"Argya_altirostris",748.41,6.6192862302791
"100",-0.159348749551027,0.559660259708547,-1.15230524904809,0.0642464591997982,-0.963589818158524,1.16228627634804,"Argya_altirostris",706.77,6.56211918215862
"101",-0.636663361276338,0.415922968309296,-1.25825092320057,0.0921538826072658,-0.732843476013463,1.12358195789548,"Argya_caudata",1343.2,7.20355431953587
"104",-0.288423541845144,0.524818425759799,-1.30751708795889,0.10026374203364,-1.08887024098677,0.913887410030738,"Argya_squamiceps",1098.54,7.00264718950588
"115",1.42678222451935,0.568742182321872,0.275569802897428,-0.448614618394525,-0.222318412965556,-0.297947445752929,"Arundinax_aedon",819.76,6.71023074028555
"126",-1.37077942435392,0.273898703268508,-1.10307303927774,0.235957789873221,-0.154737868340806,-0.33050744184129,"Batis_molitor",97.39,4.58893917287767
"132",0.8926593222441,0.435203387817197,0.362659344434851,-0.425436080582686,0.299934798682932,-0.162726885642744,"Bombycilla_cedrorum",706.93,6.56234521874926
"133",0.889452937119296,0.456559257075548,0.371774424830626,-0.407914499178106,0.300480801317829,-0.162811152017047,"Bombycilla_cedrorum",417.92,6.03767997090494
"135",1.94283737516423,0.573215411895914,0.667312574906011,-0.622542708818965,-0.0439540179362887,-0.451372396028817,"Bombycilla_garrulus",1131.98,7.03260660862154
"136",1.94088165885752,0.586241302463237,0.672872266169868,-0.611855520244177,-0.0436209867453968,-0.45142379382288,"Bombycilla_garrulus",955.7,6.86348986268412
"138",0.640320017584776,-1.29441351919463,-1.04875866994712,2.51042917594145,-0.854779078659763,0.999278771105999,"Bucanetes_githagineus",127.04,4.85234271510166
"139",0.641639360579972,-1.30320089669785,-1.05250928536066,2.50321950686207,-0.855003744357635,0.999313444498727,"Bucanetes_githagineus",245.96,5.5092263801939
"140",1.78184617613982,-1.28360383700692,-0.0687772045972528,2.14461702895282,-0.374611696332677,0.0539375842784351,"Bucanetes_mongolicus",317.46,5.76349687842828
"142",0.624463957004693,0.494386103306586,0.0209972760559466,-0.280105850723596,0.013070967797816,0.123124191485515,"Calamospiza_melanocorys",243.01,5.49720920805995
"147",2.82996892904551,0.675711890917147,1.1573024726344,-0.805274136459963,-0.0669973378872471,-1.09510480529134,"Calcarius_lapponicus",912.5,6.81728337581806
"153",2.5462860032674,0.714028435746823,0.976551874912173,-0.685121576787776,-0.135040020340109,-0.902389942944057,"Calcarius_pictus",193.24,5.26909450787113
"154",2.54539789860236,0.719943585167711,0.979076570201892,-0.680268448551948,-0.134888788511025,-0.902413283047385,"Calcarius_pictus",113.19,4.73786372771356
"155",-1.34797270107178,0.31591224586233,-1.32019215435677,0.316201586937383,-0.528975648171174,-0.917012401743287,"Caligavis_chrysops",64.96,4.1890484976914
"157",1.76243401656354,-1.44269337392822,0.530529833595324,1.97032220965965,0.472891745967767,-0.235663034926019,"Cardellina_canadensis",465.65,6.14557951201176
"159",1.65188419560457,0.581661995954194,0.676740668214267,-0.536200067668686,0.136767714715651,-0.435416391037219,"Cardellina_pusilla",184.27,5.22181422056192
"160",1.65348799835756,0.570979997199869,0.672181393372521,-0.544964192812613,0.136494609491261,-0.435374241813769,"Cardellina_pusilla",328.83,5.79857737020924
"161",1.65252334250966,0.577405009593951,0.67492370761913,-0.539692743716982,0.136658876918355,-0.435399593743618,"Cardellina_pusilla",241.88,5.49256749420726
"163",0.303497059310616,0.584536225048131,-0.680495285369537,-0.0523346767589272,-0.73058926344697,0.321983714103284,"Cardellina_rubrifrons",199.72,5.30191090205817
"164",-0.193958558116342,0.301724789711995,-0.202364577439707,-0.201112905235945,0.356942620710666,0.409739894241108,"Cardinalis_cardinalis",910.44,6.81502576638986
"167",-0.0646384705180014,0.542037578707622,-0.850510121625309,0.0172153879269828,-0.672905115615167,0.645413059639943,"Cardinalis_sinuatus",217.95,5.38884339324741
"168",-0.0647511893611834,0.542788333462353,-0.850189685596033,0.0178313502364895,-0.672885921169402,0.645410097298284,"Cardinalis_sinuatus",207.79,5.34132896214128
"169",0.915761628240946,0.537912058888193,0.168965020903348,-0.343231998802049,0.00767423276373534,0.16552834560037,"Carduelis_carduelis",164.86,5.11114405902306
"170",0.915167191664402,0.541871255714817,0.170654879412069,-0.339983646386362,0.00777545701610647,0.165512723330085,"Carduelis_carduelis",111.28,4.72099575149368
"171",0.487876983732507,0.337278863736227,0.56062382423787,-0.410855576645899,0.846567374990714,-0.225556456228526,"Carduelis_citrinella",177.21,5.18296263018501
"172",1.62015006290283,0.57034975139333,0.503982289518269,-0.524175541528912,-0.0475348544189592,-0.320506015531371,"Carpodacus_erythrinus",728.78,6.5927431188584
"173",2.03659774259158,-1.42419527677369,0.305226178253929,1.96307800825296,-0.0485288599009424,-0.845067869725145,"Carpodacus_rubicilla",1443.23,7.27533158654749
"177",0.732014793746256,0.337570244464269,0.703954313314564,-0.484628789965731,0.867333297203522,-0.410592064598534,"Catharus_bicknelli",425.42,6.05542477606686
"178",0.733326148791936,0.328836070053912,0.700226405966097,-0.491794808172788,0.867109991741965,-0.410557601135531,"Catharus_bicknelli",543.62,6.30008830376659
"179",0.864594723905466,0.430186170350225,0.356895963841571,-0.418865049782613,0.30778609560333,-0.208301043699385,"Catharus_fuscescens",688.86,6.53648867845388
"180",1.26271499783299,0.519501548567884,0.467394493191813,-0.464432699900303,0.152068345979969,-0.28089882812091,"Catharus_guttatus",432.23,6.07126876480658
"182",2.18256695819796,0.639659193420185,0.825036407504946,-0.640887239699453,-0.0449135907960728,-0.661554274231097,"Catharus_minimus",530.27,6.27527036658882
"184",0.53435794654762,0.309520968147759,0.664223855300582,-0.462645331650242,0.978519938721887,-0.123811202442424,"Catharus_ustulatus",393.6,5.97787259358851
"185",0.534548658842334,0.308250744305847,0.663681700247112,-0.463687496227055,0.978487463079889,-0.123806190370266,"Catharus_ustulatus",410.79,6.02051351066601
"196",-1.22192803781835,0.446642228152522,-1.77919231645186,0.409185154406206,-1.21634490700476,-0.357086808033252,"Certhionyx_variegatus",263.78,5.57889929250951
"197",0.511422290318798,0.515090920891918,-0.218365165094468,-0.207386017883162,-0.236971158571978,0.144761121005862,"Cettia_cetti",324.43,5.78514738475781
"198",0.51106482957792,0.517471759297178,-0.217348979182729,-0.205432641346518,-0.236910287996924,0.144751726650718,"Cettia_cetti",292.21,5.68088907584289
"199",0.28938529295574,0.469769298054594,-0.188184666013885,-0.190731643806593,-0.0298563694165867,0.241334349090361,"Chamaea_fasciata",184.13,5.22105828100108
"200",-1.9137467458052,0.121947987719912,-0.963588138656836,0.238131815465844,0.456532547920039,-0.139055453967142,"Charitospiza_eucosma",55.88,4.04094378549499
"201",-2.64142355831004,-0.959768568822676,2.67475625109352,-0.465236031958274,-0.158813059293137,0.127138125306725,"Chasiempis_sandwichensis",152.53,5.03389598767081
"202",-2.6406968767915,-0.964608572408788,2.67269044795203,-0.469207048815822,-0.158936803013374,0.127157223080217,"Chasiempis_sandwichensis",218.03,5.3892087067361
"203",-2.64016057473644,-0.968180568948522,2.67116585369463,-0.472137719882904,-0.159028127768127,0.127171317528623,"Chasiempis_sandwichensis",266.37,5.58863346690046
"206",0.898522427224504,0.498331932121996,0.200591509658038,-0.375800134307209,0.0853522287360023,0.194893834677703,"Chloris_chloris",513.13,6.24247615176466
"207",0.897569531413392,0.504678617740486,0.203300392586632,-0.370592948995837,0.0855144935929668,0.194868791811058,"Chloris_chloris",427.24,6.05968378608513
"211",-1.45088459602927,0.257640516180061,-1.12721539754634,0.244652501097007,-0.122805234933265,-0.273943502296774,"Chlorocichla_flaviventris",146.44,4.99342131336157
"213",-2.52329981263368,-0.833980331601699,2.22218819397018,-0.371369356774862,-0.836951878277803,0.618261861792813,"Chlorodrepanis_stejnegeri",349.73,5.86001669668684
"214",-2.56914980151481,-0.895669353425784,2.43023944088658,-0.416606447335036,-0.534624585611529,0.323004637875365,"Chlorodrepanis_virens",308.13,5.73376190039739
"215",-2.64908121575649,-0.188447668459001,-0.361526548844206,0.111208350171072,1.8775203264523,0.12473390073557,"Chlorophanes_spiza",141.37,4.95842930262565
"222",-1.2842203543209,0.181599612066643,-0.526391762987913,0.0212862634038856,0.694068454523773,0.751864889152772,"Chrysomma_sinense",226.02,5.42503811932719
"226",-4.38599780529439,-1.37266949015776,2.48905334529509,-0.293528960638698,0.877291438356696,0.0190034646039652,"Cicinnurus_magnificus",602.32,6.40244773590005
"235",1.08925576197838,0.514133693434757,0.259797929277089,-0.41272380643363,0.0199513487675017,0.00342548657296879,"Coccothraustes_coccothraustes",648.39,6.47603346072049
"236",-1.3468415252347,0.329135570942416,-1.63094249646075,0.33536646149364,-0.888225832993107,-0.431366748191803,"Colluricincla_harmonica",893.12,6.79583999435364
"237",-2.69449452391377,-0.254245585817155,-0.270126826309481,0.0669236938113768,2.04809685536387,-0.0129959548514944,"Colluricincla_megarhyncha",511.64,6.23957384443994
"247",-1.62348963935785,0.299163778381134,-1.45867720148652,0.349658679876218,-0.446278847870419,-0.0275090272316274,"Conopophila_rufogularis",125.73,4.84205883909397
"253",0.978123633568071,0.546642957229746,0.163034571947151,-0.345495068746048,-0.0565161836164919,0.0181873860134591,"Contopus_sordidulus",208.66,5.34548717102443
"254",-0.00723492452559304,0.324601592111959,0.169395816999251,-0.262304598372244,0.686416546654372,0.183918469265598,"Contopus_virens",99.08,4.60596986615866
"256",-1.09373962912074,0.172236387853952,-1.36321464509146,0.139853852819125,-0.663368048922448,-1.08488125786044,"Corcorax_melanoramphos",2569.58,7.85188683336101
"257",-1.36703620137603,0.257164977438462,-1.028583576901,0.160756736597376,0.0516276071739161,0.726550526887507,"Corvinella_corvina",429.47,6.06487763502842
"259",0.704303188548238,-0.685542335198824,0.53801300856468,-1.30725307333713,1.30549381998265,-0.300382083340887,"Corvus_caurinus",13060.87,9.47745257787901
"260",3.6565049261075,-9.43690092141837,-2.89547179027348,-4.77994980780959,-0.161508771713198,-0.218983346292122,"Corvus_corax",110654.77,11.6141794905272
"261",4.56472524500911,-15.486029030889,-5.47735166484717,-9.74300185287573,-0.31616601589489,-0.195114587436537,"Corvus_corax",192517.91,12.1679496616516
"262",2.57572310571036,-3.92439965554919,-0.667865214128757,-0.185339933120249,-0.00756969396693524,0.000209955261794723,"Corvus_corone",35744.95,10.4841922549914
"266",0.384983305775437,-2.03443444188699,-1.85455055842917,-2.12087776858688,-0.660129041050453,0.587494058233093,"Corvus_cryptoleucus",34985.95,10.4627304138002
"267",1.34483411258997,-0.581817902809685,-0.2594365439791,-1.33139555216345,-0.128800399524124,-0.00204934424323746,"Corvus_frugilegus",15873.81,9.67248885518533
"268",1.45850030439585,-1.33888239656707,-0.582565686694107,-1.95253473387576,-0.148156165537578,0.000937894498049796,"Corvus_frugilegus",26119.2,10.1704642403289
"272",-0.525215325884486,-1.12449244458153,-0.636565206981308,-1.24184009479366,0.87534352644754,0.502994640922549,"Corvus_ossifragus",18220.26,9.81034432319784
"273",-0.459633261857624,-1.56129648730739,-0.823001259687919,-1.60021921295941,0.864175816279584,0.504718190196806,"Corvus_ossifragus",24131.55,10.0913168306154
"274",-0.46026586308186,-1.55708309792601,-0.821202907090546,-1.59676230637594,0.864283539438789,0.504701564928951,"Corvus_ossifragus",24074.53,10.0889512509619
"275",0.942671580755541,-3.79257542478059,-2.2127716698636,0.494893760123484,-1.00763956989808,0.938409859026204,"Corvus_ruficollis",33969.52,10.4332483686618
"279",-1.3163900657362,0.197794519943542,-1.75210953359468,0.226096635899184,-0.970757766638441,-0.322729039691868,"Cracticus_nigrogularis",2908.95,7.97589117788734
"280",-1.22691468792313,0.371193265984023,-1.65444324624877,0.344608969526086,-1.02591857694225,-0.544027510671497,"Cracticus_torquatus",759.64,6.63416018417183
"288",-1.52177610430604,0.222542886700338,-0.98258134416677,0.203868581390421,0.157946555009598,0.0566953481094738,"Crithagra_mozambica",76.63,4.35195395041759
"290",-1.39790639321402,0.241415504919609,-0.995890082070423,0.209923034145931,0.00965433694317612,-0.419646619783063,"Crithagra_sulphurata",93.56,4.54923455365779
"298",0.815540046395204,-0.18809466050108,-0.169231674875332,-0.869315478565642,0.0605944381212755,0.00302591825321156,"Cyanocitta_stelleri",9421.64,9.15087058308344
"303",-1.88839156730558,-1.21252191453413,-1.41247987431395,-0.816217761002624,0.6718753010388,-0.222568178356163,"Cyanocorax_cristatellus",17266.95,9.75660746114187
"307",-2.41859873220821,-0.204458423821389,-0.215592062352723,0.00293124494951991,1.96791154406969,0.435035631401432,"Cyanoloxia_cyanoides",689.44,6.53732907551849
"309",0.791366365451379,0.454319262445444,0.176194101305888,-0.371105320555765,0.12777157961643,0.0245445239751175,"Cyanopica_cyanus",748.91,6.61995319932978
"310",0.79404310514572,0.436491053816114,0.16858469177996,-0.385732606620202,0.127315768206023,0.024614870842451,"Cyanopica_cyanus",990.18,6.89889615254881
"321",-2.95305375823849,-0.713624403449693,1.19867902866568,-0.0337957331410691,-1.98741862495159,0.401281403887067,"Dicrurus_aldabranus",375.42,5.93070554126242
"323",-2.29214839475417,-0.0371096313454444,-0.996935606554705,0.233261887795925,0.701437221906946,-0.481164647443066,"Dicrurus_bracteatus",868.94,6.76842424375316
"334",-1.01539920857049,0.166679142419009,-0.473477554141703,-0.0693672129339441,0.607444064459593,0.707524815469085,"Dicrurus_macrocercus",1012.08,6.92075047447695
"338",-3.2863706641505,-0.903657701508228,1.42100598226733,-0.1104176516756,-1.40976899676448,0.194833819567056,"Dicrurus_waldenii",1040.91,6.94881084622216
"347",-1.44333151195922,0.256360067392042,-1.09987361368232,0.240487098017154,-0.0951692230412691,-0.311687403337741,"Dryoscopus_cubla",98.22,4.5973396068729
"349",0.400000958862569,0.364744878720795,0.164165641045767,-0.336034710036141,0.401851936939784,0.0574644361887828,"Dumetella_carolinensis",751.05,6.62280281110122
"350",0.400042340878816,0.364469257142533,0.16404800065313,-0.336260845805281,0.401844890159991,0.0574655237413801,"Dumetella_carolinensis",754.78,6.62775032853827
"352",-2.14644762972624,0.0052303867081428,-0.750212384969198,0.197481793111041,0.913111891789621,-0.400589001642193,"Dysithamnus_mentalis",137.67,4.93209700976577
"353",-2.31493310867033,0.0103880578064458,-0.966108210141443,0.278288817443638,0.719937561986857,-0.537722689309923,"Edolisoma_tenuirostre",136.18,4.92129393207118
"354",-2.22903385709224,-0.0277495100083558,-0.637570002140702,0.16089709964524,1.16672772878392,0.0140884664008457,"Elaenia_chiriquensis",120.89,4.80311899866775
"357",-1.63320974104124,0.00849252684287916,-0.19253719745402,-0.0140560681364029,1.34539027008377,-0.15315130336073,"Elaenia_frantzii",132.28,4.89245217841853
"365",-1.87747022457206,0.0834204658595902,-0.698149639879537,0.146239660854838,0.841698333239983,0.305502121562593,"Elminia_longicauda",41.33,3.74549605453283
"367",0.79741535426343,0.603073798858873,-0.263929387131724,-0.217940717981266,-0.502537779231993,0.305769137723296,"Emberiza_bruniceps",255.91,5.54872582901026
"369",0.591736129418441,0.482604592629385,-0.0398546442621015,-0.280647618628074,-0.0257688905411743,0.251533370921741,"Emberiza_calandra",493.6,6.20374935508732
"370",0.591037738554435,0.487256168594968,-0.0378692655177189,-0.276831198610018,-0.0256499643245493,0.251515016649355,"Emberiza_calandra",430.65,6.06761507468153
"371",0.62750262596638,0.470868365167862,-0.00479918636825685,-0.289797081612502,-0.0227235614355052,-0.0338705039213143,"Emberiza_cia",554.45,6.31977859602773
"372",0.38591063468996,0.444449597008472,-0.0699694379476916,-0.25134870022438,0.0805449376415929,0.24917923712183,"Emberiza_cirlus",445.62,6.10170812120674
"373",0.3857669625424,0.445406513748016,-0.0695610081662817,-0.250563590784605,0.0805694030030749,0.249175461302491,"Emberiza_cirlus",432.67,6.07228387620994
"374",1.33409636758991,0.552592299477149,0.415160788464051,-0.463042710173999,0.0452063873295554,-0.0506916013425926,"Emberiza_citrinella",449.67,6.11073536435715
"375",1.33402724963784,0.553052654016713,0.415357276304837,-0.462665008875945,0.0452181571521062,-0.0506934178178422,"Emberiza_citrinella",443.44,6.09681506271581
"376",-1.4123957981894,0.296269860196239,-1.26405893122456,0.283792575161749,-0.351509098957275,-0.347606465375425,"Emberiza_flaviventris",139.24,4.94335524061298
"381",0.390038354768883,0.474203094651592,-0.271342238572901,-0.206004345444276,-0.199395041048007,0.233283929037615,"Emberiza_melanocephala",638.02,6.45993575279227
"382",0.386064127996774,0.500673111210626,-0.260044345422579,-0.184286823937239,-0.198718285697421,0.233179483168604,"Emberiza_melanocephala",279.8,5.63764267215166
"384",2.12156453024302,0.672044794109135,0.795141542268838,-0.597910567495393,-0.0592499651230256,-0.583982051951796,"Emberiza_pusilla",73.73,4.3138816179422
"385",1.97027951134539,0.625364802211384,0.712767361092834,-0.589412263158742,-0.0389563926012177,-0.504454601033998,"Emberiza_rustica",447.96,6.1069337969141
"388",1.48135281757633,0.594684456348497,0.42021291484255,-0.466115578220871,-0.06877388598312,-0.128911127155136,"Emberiza_schoeniclus",327.11,5.79334891801524
"390",0.400760453193536,-1.34772532602639,-1.1959276714336,2.53346947964612,-0.838688857909968,1.3092032106181,"Emberiza_striolata",574.17,6.35466564927477
"394",1.42618711212156,0.539800772717355,0.589047330231822,-0.502938252484164,0.192395295706662,-0.345331401927794,"Empidonax_alnorum",307.08,5.73035948950665
"395",1.42459795394269,0.550385232468112,0.593564973620946,-0.494254153939505,0.192665907164475,-0.345373166280083,"Empidonax_alnorum",163.84,5.10497530647062
"396",1.42710827802209,0.533665421606594,0.586428648783909,-0.507972046830458,0.192238434010612,-0.345307192948664,"Empidonax_alnorum",390.11,5.9689888503428
"399",-0.357798991454787,0.422569824737779,-0.636158789415079,-0.00907782401440993,-0.177326452130473,0.386778365993893,"Empidonax_fulvifrons",159.2,5.07642303463426
"400",1.33230270148206,0.567657149526188,0.434674186037496,-0.443989452539121,0.0459817874813182,-0.215782828448196,"Empidonax_hammondii",161.75,5.09221528108868
"401",1.18814277327291,0.537248443769905,0.455741588215961,-0.430019760857853,0.174856107264573,-0.236005799378432,"Empidonax_minimus",53.23,3.99323426085297
"403",1.18845042027305,0.535199385763143,0.454867012321096,-0.431700925704567,0.17480371927431,-0.235997714168372,"Empidonax_minimus",80.96,4.4062313233707
"404",1.18941296818983,0.52878841307412,0.452130690480546,-0.436960855820001,0.174639810798466,-0.235972417636645,"Empidonax_minimus",167.72,5.12824053617052
"405",0.985990039810409,0.557752970834239,0.125707436179925,-0.327261222672093,-0.130145796694474,-0.129704295939273,"Empidonax_oberholseri",153.49,5.04012936932396
"406",0.509500595187045,0.455131328785431,0.0952124626551948,-0.285090505281407,0.194032881216173,0.0612053664966371,"Empidonax_traillii",167.63,5.12770696568209
"407",0.509645265828295,0.45416776165928,0.0948011943656515,-0.285881071080223,0.194008245825152,0.0612091685571917,"Empidonax_traillii",180.67,5.20219185445065
"408",-0.383314226538527,0.270174116695518,0.040478986172319,-0.197091310162162,0.793793127746277,0.354488668448431,"Empidonax_virescens",80.42,4.39962094307483
"409",-0.382912055469103,0.26749548875664,0.0393356981741639,-0.199289010331416,0.793724643626298,0.35449923782689,"Empidonax_virescens",116.67,4.76788409647584
"410",0.910037820347085,0.599878452722085,-0.150636255594647,-0.244483521627354,-0.460337804325091,-0.0854196093805839,"Empidonax_wrightii",190.38,5.25426098035112
"411",0.911296033339729,0.591498226665583,-0.154213091232462,-0.251359140281011,-0.460552060436727,-0.0853865425333825,"Empidonax_wrightii",303.79,5.71962301487533
"412",0.911878155160768,0.587621051273777,-0.155867941474205,-0.254540197601859,-0.460651187658114,-0.0853712439047549,"Empidonax_wrightii",356.26,5.87846380802074
"416",-1.39875868829335,0.285195414059144,-1.27570850812417,0.300376513773067,-0.423202962474002,-0.916631027327354,"Eopsaltria_australis",168.6,5.1334427233578
"418",1.72342990474805,0.628030180903562,0.530508104395726,-0.506824401377519,-0.112746635484549,-0.350076120182534,"Eremophila_alpestris",252.01,5.5334290136381
"421",-0.626372570407195,0.536470575973113,-1.39490941289029,0.213003434619425,-1.00711912619324,0.920812041960192,"Eremopterix_nigriceps",236.56,5.47042022314766
"422",1.80790626722509,-1.37852418702006,0.385803338006442,2.00243868895914,0.26721190866183,0.232607113693975,"Erithacus_rubecula",358.93,5.88590956809894
"423",1.81133143341166,-1.40133722987716,0.376066308939671,1.98372155866249,0.266628650665664,0.23269712981016,"Erithacus_rubecula",667.66,6.50527570971434
"424",-2.56561475692878,-0.129411102481236,-0.561885911616999,0.162697387314292,1.5256781138172,0.0227800937464862,"Eucometis_penicillata",179.99,5.19844178112078
"428",1.70784538696776,0.539814489757783,0.650315518168208,-0.583120459224941,0.0945954359878663,-0.442729829560817,"Euphagus_carolinus",912.41,6.81718484879695
"435",-1.1680634831171,0.377309156345389,-1.42316978869307,0.304716847173356,-0.760249787305243,-0.460524259919236,"Eurocephalus_anguitimens",257.34,5.55427654680387
"438",-1.27004468698885,0.305623631479931,-1.27500753954619,0.292324557167829,-0.53274481559993,-1.14024581527988,"Falcunculus_frontatus",219.91,5.39775537875409
"447",1.0883202257029,0.545320470323281,0.285232163422106,-0.393970705004153,0.042899725675928,0.0940927595287935,"Fringilla_coelebs",232.01,5.45108137109967
"448",1.088434275871,0.544560848386408,0.284907942715319,-0.394593942459047,0.0428803045241106,0.09409575685874,"Fringilla_coelebs",242.29,5.49425414742403
"449",1.89405572166306,0.632400890163862,0.669871937235686,-0.561526146993656,-0.0458011684503557,-0.430191183155003,"Fringilla_montifringilla",285.27,5.65693542142336
"450",1.89888920772694,0.600207846463693,0.65613135014172,-0.587939168586451,-0.046624243665558,-0.430064155262222,"Fringilla_montifringilla",720.94,6.58194203294655
"451",-0.873801250986789,-0.34825860797347,1.7854307197048,-0.373481166588497,-2.69250330049857,0.373163111101282,"Fringilla_teydea",324.93,5.78668263438384
"452",-0.872753942050138,-0.355234124592232,1.78245344006271,-0.379204280960291,-2.69268164259308,0.373190635220635,"Fringilla_teydea",419.33,6.04104011705125
"458",1.14936858902933,0.264502981306212,0.176087892393818,-0.626062665339811,0.029031319648697,0.000541655048175138,"Garrulus_glandarius",4028.36,8.30136283339625
"459",1.12094968352331,0.453784807047268,0.256876880105663,-0.470764986841776,0.033870662610695,-0.000205216595572178,"Garrulus_glandarius",1466.8,7.29151996011096
"465",-0.502883016707564,0.230293642742302,0.0640903138744175,-0.199344542840871,0.919679557676657,0.360339863458548,"Geothlypis_formosa",156.09,5.05681888951185
"469",0.714099154690643,0.468578901756681,0.22434117758845,-0.341891800672819,0.224530689542537,0.00468384174213391,"Geothlypis_trichas",223.51,5.41392024962012
"475",-1.388062483329,-0.637176105925745,-0.333048488436109,-0.574836866178761,1.3659598165455,-0.644336570717815,"Grallaria_gigantea",8777.71,9.0800847510055
"485",-1.33408225750175,0.351331947881416,-1.67207644217273,0.351797973172541,-0.956839159620108,-0.37873042260002,"Grallina_cyanoleuca",790.51,6.67394251348004
"488",-1.30959808599694,0.309417730783412,-1.28458302293044,0.312999000346336,-0.534699650021012,-1.25105378536054,"Grantiella_picta",54.25,4.01186834039786
"492",-1.16278991272139,-0.450616911796932,-2.00543713201787,-0.317528676020527,-1.00344341140828,-0.451536316723541,"Gymnorhina_tibicen",11740.72,9.37090359031699
"495",-2.49675385768122,-0.140068285402316,-0.458420617839449,0.124060292158436,1.62338981833809,0.0178239491501766,"Habia_rubica",223.34,5.41316275821708
"497",1.06200320834625,-1.4736788467707,-0.00387065375768397,2.16938134820158,0.275438993394481,0.31024264043924,"Haemorhous_mexicanus",449.78,6.11097941560912
"498",1.05836159091653,-1.4494241478836,0.00648170079443889,2.18928129588588,0.276059110016324,0.310146935810676,"Haemorhous_mexicanus",121.54,4.80843750729751
"502",0.984488538869006,0.434093255294616,0.352616758105866,-0.450720005829315,0.233014384307204,-0.16659432227186,"Hesperiphona_vespertina",1006.79,6.91551509359358
"504",-0.581485266944597,0.230549595385247,-0.103801948344847,-0.154114728593867,0.740502670858395,0.251551275250598,"Heterophasia_capistrata",348.04,5.85518652881535
"506",1.06554265532338,0.543714898352449,0.280497790070489,-0.389108109390738,0.0526127596135973,0.107552936239026,"Hippolais_icterina",203.35,5.31983421001029
"507",1.06769496394319,0.529379620555418,0.274379228094155,-0.400869594434469,0.0522462514956428,0.107609500636849,"Hippolais_icterina",397.35,5.98733101582638
"511",0.378367663811112,0.462251611559553,-0.0744752952080182,-0.235210075976747,0.0705449484284184,0.271257769615751,"Hippolais_polyglotta",230.15,5.44306685043423
"513",-0.482071717820582,-1.559797994644,-1.38540443478124,2.72552274047813,-0.626279514795129,-0.710924063801734,"Hirundo_neoxena",497.97,6.21254597370374
"514",-1.25315969152654,-1.89913057793422,-0.549060892055659,2.523535360924,1.2051083395276,0.288085373806019,"Hirundo_nigrita",421.86,6.04704115499672
"517",1.81117606889324,-1.36699863523032,0.316725836592204,2.02408859949026,0.158444911115522,0.115954429420161,"Hirundo_rustica",380.59,5.94434673378003
"518",-0.0246349982618189,0.269282766699688,0.202182798760442,-0.304601808021601,0.76878288379768,0.146755299964845,"Hylocichla_mustelina",611.74,6.41794070240561
"520",-3.01546043875479,-0.391439227025892,0.184579557933307,-0.0219273633563098,2.93828773595358,0.340188041447742,"Hylophylax_naevioides",125.93,4.84363575340009
"525",-0.130863757898465,0.531490425364122,-1.13229260061357,0.0365857707548911,-0.948620776880487,1.04986326581316,"Hypocolius_ampelinus",1036.52,6.94458852902749
"527",-2.26979216066173,-0.299714136400767,-0.107624515208662,-0.1016965111046,2.02376532183827,-0.101933992559313,"Hypopyrrhus_pyrohypogaster",1797.5,7.49470826313568
"531",-4.01964496652311,-1.16810413536101,2.04172620436218,-0.199505404005172,0.000897448675988243,0.407425220102808,"Hypsipetes_crassirostris",517.05,6.25007176269776
"532",-4.02096497518076,-1.15931232426673,2.04547871211447,-0.192292097353094,0.00112222772688648,0.407390529215937,"Hypsipetes_crassirostris",398.07,5.9891368400988
"534",-3.52190884661844,-0.979937649144284,1.63894874702165,-0.109644188166297,-0.985638508376923,-0.224039389512478,"Hypsipetes_olivaceus",570.94,6.34903409077303
"542",1.30936428727047,0.599302985335787,0.253129120091597,-0.403328473654693,-0.170751427021527,0.00383059689631358,"Iduna_caligata",273.01,5.61316460207246
"543",1.30784014212516,0.609454431025252,0.257461945062261,-0.394999644709808,-0.170491886375936,0.00379054113872133,"Iduna_caligata",135.63,4.9172765423504
"545",0.354909669260047,0.551191663044802,-0.450707705640376,-0.129419250788456,-0.424772684138631,0.54503777895413,"Iduna_pallida",194.62,5.27617400186235
"546",0.354611119646856,0.553180128640256,-0.449858991708504,-0.127787799435225,-0.424721845306393,0.5450299328307,"Iduna_pallida",167.71,5.12818126461788
"547",0.515700080434721,0.618013353383027,-0.563317825484365,-0.110737057436351,-0.698314845133916,0.612135995405389,"Iduna_rama",175.27,5.17201691043186
"550",0.387901575124893,0.467149353321824,-0.210486402751938,-0.213363947036647,-0.124274527140779,0.147540713338891,"Irania_gutturalis",526.63,6.26839528048515
"551",0.386665439937164,0.47538253194113,-0.20697232968285,-0.206608974544006,-0.124064030571179,0.147508226714121,"Irania_gutturalis",415.21,6.03118994058103
"553",1.7281334579716,0.477334144274438,0.636662765338697,-0.642459833787659,0.110387064990927,-0.368776960984775,"Ixoreus_naevius",1776.37,7.48289002257523
"555",2.21557477158073,-1.33482155434044,0.620084128655111,1.92248060151263,0.255122116836069,-0.219576305649685,"Junco_hyemalis",226.64,5.42776543373492
"556",2.21624209819661,-1.33926622938936,0.618187059052655,1.91883393488695,0.255008480427332,-0.219558767770669,"Junco_hyemalis",286.79,5.66223104749797
"562",-1.32647993440858,0.409488283178322,-1.66683137096414,0.396673924687095,-0.989412434418305,-0.372044553850582,"Lalage_tricolor",104.59,4.65956366981842
"567",-1.10493742257319,0.389051973092525,-1.35536753295751,0.288696971936222,-0.716135694166697,-0.441708634999201,"Lanioturdus_torquatus",119.64,4.79281090425965
"570",-1.31619690600306,0.209382580257056,-0.970081015172927,0.149194637719884,0.0311809270101511,-0.241772028457494,"Lanius_collaris",693.38,6.54301936108804
"572",1.0656475337666,0.515334354208156,0.260431574319665,-0.409039876180603,0.04150640551189,0.080378528861421,"Lanius_collurio",588.7,6.37961393300646
"574",1.75867016915868,0.575468187584539,0.604814795480932,-0.564361550942229,-0.013104516474988,-0.418419884280173,"Lanius_cristatus",760.09,6.63475161630909
"575",0.866264585496477,0.522861141248655,-0.232619855431115,-0.339143591141316,-0.390295182186516,0.962844214165409,"Lanius_excubitor",1526.35,7.33128948655118
"576",-1.1174483097959,0.327388616229096,-1.14750171381834,0.16619900498656,-0.300453943014755,0.631293264531281,"Lanius_excubitoroides",589.16,6.38039368657605
"578",0.407544474221178,0.298014638727638,-0.252631879447392,-0.360076671566514,-0.0742078675174277,0.2766846657721,"Lanius_meridionalis",2757.53,7.92245320812915
"579",0.385271519262161,0.446361857039716,-0.189314540075907,-0.238364095489486,-0.0704150941539001,0.276099314641042,"Lanius_meridionalis",749.94,6.62132575509712
"580",0.838773351357543,0.510608562404021,-0.024627586934109,-0.325914948226502,-0.173902159586886,0.207225446143222,"Lanius_minor",805.82,6.69310059506383
"581",0.83429743697828,0.540420028767085,-0.0119035011416753,-0.301455909432467,-0.173139973838909,0.207107815521276,"Lanius_minor",402.38,5.999879045709
"582",0.836644562811308,0.524787186649869,-0.0185758875938051,-0.31428199075129,-0.173539656609189,0.207169499871809,"Lanius_minor",613.94,6.42152470207153
"583",0.254891348210108,0.48589630248889,-0.317301571486666,-0.164804227010822,-0.163838046542507,0.454077165906688,"Lanius_nubicus",305.13,5.72400984833617
"585",0.259857966765941,0.452816540574471,-0.331420626331745,-0.191944763142404,-0.164683792362943,0.4542076926282,"Lanius_nubicus",752.8,6.62512708083304
"586",-1.02394675647086,0.19409993073294,-0.423303911719865,-0.0483309417495535,0.657364994977963,0.680165377086668,"Lanius_schach",516.71,6.2494152399276
"587",0.360171969360721,0.473073132038604,-0.252055082245817,-0.206507104621818,-0.144814680077115,0.351469311615714,"Lanius_senator",550.83,6.31324002782979
"588",0.359129209117545,0.480018352451713,-0.249090733585221,-0.200808846996765,-0.144637112561617,0.351441907039676,"Lanius_senator",456.84,6.12651977810085
"589",0.363930854327106,0.448037382191118,-0.262740803808712,-0.227047871362366,-0.145454765723734,0.351568098129252,"Lanius_senator",889.64,6.79194030542045
"590",0.359677714984367,0.476365073409005,-0.250650020719808,-0.203806206896569,-0.144730515455182,0.351456322214049,"Lanius_senator",506.28,6.22906311939178
"603",2.29841597689726,-1.31676251078527,0.617810270607905,1.91429537063129,0.1925192132209,-0.215934836195475,"Leiothlypis_celata",253.15,5.53792464389291
"605",2.29872273634746,-1.31880565733727,0.616938217831381,1.9126190558815,0.192466976368006,-0.21592677431094,"Leiothlypis_celata",280.8,5.64119759946458
"609",0.904263302027536,0.462139397120937,0.462132057531399,-0.411187982743469,0.392660704131865,-0.279132466456668,"Leiothlypis_ruficapilla",114.97,4.75333153696861
"610",0.853850664294377,0.596748705883995,-0.183130765741808,-0.23133852412245,-0.460149312476852,-0.0174792862964717,"Leiothlypis_virginiae",176.27,5.17767399402569
"611",-1.36144049179106,0.0372702040586246,-0.037793931131551,-0.116472658212055,1.43173595374736,0.530774087825526,"Leiothrix_argentauris",351.99,5.86643972792014
"612",-0.976699234135553,0.0938294066718108,0.0956869290661705,-0.177651731070841,1.31362508666897,0.256046510849848,"Leiothrix_lutea",325.8,5.78934836298585
"613",-0.976410336628027,0.0919052281468896,0.0948656540462544,-0.17923043762001,1.31357589145561,0.256054103308195,"Leiothrix_lutea",351.84,5.86601469639057
"616",1.94876839394522,-1.40531464941905,0.458557267490276,1.98082124282518,0.200341020532828,-0.72119377996807,"Leucosticte_australis",593.56,6.38782163618542
"617",2.71919590580893,-1.26993032190535,0.746576188129439,1.82714319850299,0.0694493828674595,-0.321509815896097,"Leucosticte_tephrocotis",509.75,6.23588023369773
"618",2.71832843668016,-1.26415261380767,0.749042220917736,1.83188356198531,0.069597100752732,-0.321532613680972,"Leucosticte_tephrocotis",431.56,6.06972104507375
"621",-1.42349048361897,0.393222119824914,-1.66571354790739,0.402077399779746,-0.904653811812726,-0.208018077390165,"Lichmera_indistincta",70.52,4.26997713086526
"622",-0.79415121853699,0.137748325724119,-0.062923217127775,-0.188078301488402,0.99996682294924,0.504778886240825,"Limnothlypis_swainsonii",821.02,6.71176472566043
"623",0.864026350684124,0.513513385997085,0.162259246697549,-0.347178982996258,0.0426212997477361,0.145387475491187,"Linaria_cannabina",321.61,5.77644416335079
"625",0.864372162331957,0.511210135435572,0.161276176714031,-0.349068702010758,0.04256241285064,0.145396563698817,"Linaria_cannabina",352.78,5.86867525101536
"626",1.97570857548879,-1.32430409211588,0.218346283474766,2.05108017282417,-0.144624242774487,-0.435011712251517,"Linaria_flavirostris",434.1,6.07557588972663
"627",1.97323497378842,-1.30782886769513,0.225378214290454,2.06459739295484,-0.144203022929234,-0.435076720489345,"Linaria_flavirostris",211.14,5.35724643407732
"629",1.0870146694104,0.559514979493046,0.245197858734503,-0.380558962197757,-0.0106329558912403,0.151554377182013,"Locustella_fluviatilis",183.66,5.21851629634448
"630",1.0912792359587,0.531111178295102,0.233074590496962,-0.403863071661467,-0.011359152053408,0.151666453413348,"Locustella_fluviatilis",568.05,6.3439683037279
"631",0.829787664529677,0.561460678880901,0.00432434009709776,-0.291004618847191,-0.149924313029705,0.336309020450135,"Locustella_luscinioides",133.65,4.90267881925761
"632",0.833370703662948,0.537596136008069,-0.00586148864453517,-0.310584460134424,-0.150534454585244,0.336403185594057,"Locustella_luscinioides",456.61,6.12601729297366
"633",1.08405157316145,0.549095523722853,0.249181526758306,-0.384929899557135,-0.00488178103142774,0.0750816622043452,"Locustella_naevia",265.87,5.58676164844438
"634",1.08432937629464,0.547245238382453,0.248391790717649,-0.386447979894738,-0.00492908702768332,0.0750889630936312,"Locustella_naevia",290.91,5.67644553558091
"635",1.08446372916777,0.546350391917906,0.248009853678817,-0.387182163316798,-0.00495196544679895,0.0750924939949592,"Locustella_naevia",303.02,5.71709348871587
"638",-1.61858507163681,0.125750845025005,-1.14360598843759,0.215551570491332,-0.0248777360243963,-0.897175283471319,"Lophorina_paradisea",1101.84,7.00564394980125
"639",-4.23685393421467,-1.41301203229922,2.83582971517779,-0.387334074534624,1.22315569861919,-0.334001778539489,"Lophorina_superba",468.7,6.15209419303295
"640",-2.35885105921807,-0.0996995818558475,-0.676721176669117,0.160926441180677,1.20018663764813,-0.366728815912823,"Lophorina_victoriae",602.03,6.40196694673341
"641",1.36334540739815,0.540318347318744,0.463847536839207,-0.482548855665531,0.0900807697172505,-0.128913059072756,"Loxia_curvirostra",524.83,6.26497796658295
"642",1.36095301651786,0.556252673628805,0.470648602326715,-0.46947541940352,0.0904881604933109,-0.128975933025057,"Loxia_curvirostra",309.19,5.73718501295653
"643",1.69550968687537,0.588613479072207,0.628983270681347,-0.541107031701051,0.0524037192876985,-0.365213172496636,"Loxia_leucoptera",374.76,5.92895064171874
"644",1.6941171210096,0.597888551593256,0.632942043357994,-0.533497229625334,0.0526408538184493,-0.365249770245166,"Loxia_leucoptera",249.24,5.52242045735695
"646",1.41490455320358,0.541565252740085,0.482942174284754,-0.504808227453317,0.0967560111255497,0.0097268893244121,"Loxia_pytyopsittacus",647.18,6.47416843555695
"647",1.41232544400333,0.558743201345631,0.490274040793199,-0.490714452050657,0.0971951974254511,0.00965910826481484,"Loxia_pytyopsittacus",414.71,6.02998790177873
"648",-0.629770055282718,-0.622320514225614,3.19006902941244,-0.807005315957106,-0.887578916253895,0.209332030496959,"Loxia_scotica",469.52,6.15383846609224
"650",-2.64701577046234,-0.859691548423735,2.16536046433427,-0.358224279534126,-0.808667228118479,0.742763487356172,"Loxops_caeruleirostris",496.51,6.20961565689915
"652",1.24184124955575,0.543105331752902,0.300888651677614,-0.437657325703217,-0.0317224949537417,0.041421689697788,"Luscinia_luscinia",636.34,6.45730326513957
"657",-2.54213605255234,-0.15318061995034,-0.401548758244428,0.113156667356982,1.74435287991286,0.154234470668537,"Manacus_manacus",139.89,4.94797944406519
"658",-1.28369130931826,0.315495176569424,-1.77451296319003,0.315475563495396,-1.08902499591844,-0.307356727426784,"Manorina_flavigula",1659.22,7.41470540268973
"659",-1.33287418442076,0.250947573560613,-1.42891481332326,0.263902296426835,-0.625657165007655,-0.795263297212674,"Manorina_melanocephala",1213.99,7.1024911252881
"660",-1.43380977699496,0.209971498461422,-1.00227661055557,0.238771915682132,-0.0444817742945944,-1.30595667708639,"Manorina_melanophrys",115.15,4.75488245921642
"675",0.642864538408735,0.571893354991056,-0.323915575871091,-0.198548090039443,-0.460269196283439,0.393748389050254,"Melanocorypha_bimaculata",377.91,5.9372987098642
"678",-1.29435798426289,0.417839533019828,-1.68351680630615,0.397699961893185,-1.03753638347449,-0.399303444993473,"Melanodryas_cucullata",132.5,4.8941014778403
"679",-2.77935828707537,-0.845427894457189,1.77397657344221,-0.141998493166137,-1.48783922291272,-1.79933019909131,"Melanodryas_vittata",228.85,5.43742692225224
"684",-1.51520801637673,0.23577792128647,-1.2082857605992,0.280676988634446,-0.229201531829208,-0.828089703998605,"Meliphaga_lewinii",274.56,5.618805390725
"688",-1.200214746386,0.366174806193898,-1.40330918182732,0.328474138889213,-0.760079013675535,-0.984611901898724,"Melithreptus_brevirostris",86.36,4.47003751199659
"689",-1.35276696841591,0.303288934245356,-1.27438375799714,0.305452950030319,-0.46593770507777,-0.980023986023115,"Melithreptus_lunatus",59.99,4.11070991630837
"692",1.20462053309322,0.498086868671615,0.512401549778182,-0.470080547060183,0.256120806483389,-0.291274750443242,"Melospiza_georgiana",399.2,5.99196442214963
"693",1.46768962444071,0.553765392825066,0.595810434216912,-0.501390654846652,0.163383483678549,-0.392444387090396,"Melospiza_lincolnii",225.43,5.42243584638443
"695",0.951698656311786,0.440649624186341,0.319985047077765,-0.434999059165549,0.211088341239114,-0.121076736960583,"Melospiza_melodia",936.84,6.84357935876357
"696",0.309884087895699,0.563713355295352,-0.81454792514229,-0.0720194674571017,-0.86413365466974,0.621342682997912,"Melozone_aberti",918.28,6.82359075494938
"704",-1.33775606434366,0.390717469243923,-1.58642200569343,0.381247332874583,-0.878843660709832,-0.479711918807798,"Microeca_fascinans",48.13,3.89446984618056
"710",-1.95738644990772,-0.447869446382836,1.03053103495091,-0.0750278365686372,-2.95415498248339,0.400464476926386,"Mimus_parvulus",476.61,6.16879449988265
"716",-3.08759462512196,-0.975766844064877,1.9440529310628,-0.188073603013421,-0.994764234394707,-1.6615610150085,"Mohoua_albicilla",496.9,6.21039925364814
"717",-3.90325443385936,-1.31986946543577,2.6679727937003,-0.301066524960586,0.587371565274796,-2.04380052331505,"Mohoua_novaeseelandiae",233.26,5.45643160964173
"721",0.755606873561894,-1.55991656633884,0.00747103010697884,2.18919554112503,0.511096691635563,0.178896739635713,"Monticola_solitarius",540.51,6.29436153349121
"724",-0.886776518009931,-1.75515666271632,-0.850734547424403,2.57931486752713,0.499169943900528,0.13339782371738,"Motacilla_aguimp",504.48,6.22550847289048
"728",-1.21903157249881,0.320727883070217,-1.23614177802138,0.262591344175788,-0.475634233216702,-0.66048831286164,"Motacilla_capensis",225.63,5.42331873171084
"729",2.2032862137969,-1.3224923254345,0.543806188711702,1.93866086946173,0.167879333787949,-0.110257390328029,"Motacilla_cinerea",282.61,5.64760005496721
"730",1.66928277641993,0.624535653769304,0.486589739318564,-0.492082319115992,-0.130646828655973,-0.307556842037273,"Motacilla_citreola",271.03,5.6059123543317
"731",1.39697605979524,0.596045253049033,0.3811771699012,-0.441663067525308,-0.0611585453320153,-0.0419891661342954,"Motacilla_flava",202.61,5.31620639938378
"734",-0.600376703500553,-1.67034223345126,-0.835827096026274,2.58571686277745,0.261636387356254,-0.229714837551317,"Muscicapa_adusta",153,5.03695260241363
"736",-2.01631292420336,0.0225810756868869,-0.634069926586967,0.135689257346419,1.02819701769921,0.153525022554956,"Muscicapa_cassini",156.1,5.05688254526158
"738",-2.01043258792165,-0.0187161633679429,-0.528723902170191,0.0871023297589416,1.1883829504393,0.190747452528925,"Muscicapa_sethsmithi",394.78,5.98085850132076
"740",1.11290205410781,0.548456996902236,0.24586571356722,-0.391352802470066,-0.0293522622883964,0.0388086384218722,"Muscicapa_striata",353.31,5.87017223614148
"745",-2.58610158434741,-0.969091277272152,2.59231336923037,-0.480348448310491,-0.290089352790701,0.14092883957537,"Myadestes_obscurus",646.92,6.47376723194073
"746",-2.56324850455473,-1.12130237020282,2.52734685663341,-0.605231168990284,-0.293980913316537,0.141529436852624,"Myadestes_obscurus",2706.8,7.90389177606101
"748",-1.63591949645865,-2.74011631827192,2.33515844006428,1.99934826017141,-0.722279266387715,0.598867710876099,"Myadestes_palmeri",660,6.49375383985169
"749",2.1496820284739,-1.39892078190213,0.423918583537194,1.90293446495147,0.0934469451510512,-0.102551057131657,"Myadestes_townsendi",1368.95,7.2225295218058
"751",-1.16409810991876,0.120756183327008,-0.166124782410953,-0.0780224391324013,1.07766313177667,0.304302364869351,"Myioborus_miniatus",190.11,5.25284917850089
"752",0.634073990573555,-1.42622835899404,-0.593515290162043,2.37881387508054,-0.233240756611999,0.534146442952874,"Myioborus_pictus",320.32,5.77243751130561
"757",-2.08597183229771,0.0488510672999518,-0.864464374400829,0.22358087119076,0.714210263798673,-0.300466432980097,"Myiophobus_fasciatus",125.36,4.83913497593388
"770",-4.87334144328465,-1.42607951099276,2.37182592895805,-0.179544476678592,1.02934476304901,-0.175077412144053,"Myzomela_cardinalis",113.18,4.73777615053611
"777",-1.48652742682578,0.275992457120675,-1.25882941165662,0.307968319857764,-0.329239625995194,-0.764907607433976,"Myzomela_sanguinolenta",30.2,3.44041809481544
"781",-2.7441877442714,-0.848155250904799,1.74569001329387,-0.151265905249167,-1.54284300092602,-1.79553246803043,"Nesoptilotis_flavicollis",438.53,6.08570597418133
"789",-1.09382546228764,0.331798982173156,-0.969671373158847,0.154826977632195,-0.109682496391101,0.42369980627422,"Nilaus_afer",62.32,4.14820123501281
"792",1.80308158112665,0.29621273961874,0.509173761611992,-0.797513896532546,0.0101266408997824,-0.399977686761427,"Nucifraga_caryocatactes",4488.29,8.40944983905662
"793",1.01954737164237,0.101895944662168,-0.0721694916143594,-0.689244629627194,-0.129201841695898,-0.167073294473399,"Nucifraga_columbiana",6220.54,8.73577274351271
"802",0.376682583693022,0.512414960281815,-0.294731617587378,-0.171416363834877,-0.238714047720592,0.294905508497276,"Oenanthe_hispanica",224.77,5.41951678194988
"814",-1.19801418285167,0.380686854213708,-1.75752407756467,0.350021574387122,-1.17059459117685,-0.439448387740251,"Oreoica_gutturalis",1037.09,6.94513776516947
"815",-2.52179441698099,-0.844006897809324,2.21790866987446,-0.379595727422201,-0.83720822614649,0.618301424798692,"Oreomystis_bairdi",485.42,6.18707244822767
"816",-2.52399554084785,-0.829346490000401,2.22416600335954,-0.367567487047582,-0.836833405473282,0.618243577497001,"Oreomystis_bairdi",287.02,5.66302992216924
"825",-1.39249738623221,0.25449653238896,-1.10049871772616,0.221467298651273,-0.118321339670907,-0.243900335183467,"Oriolus_larvatus",287.16,5.66351588142765
"826",0.979155841408095,0.526160299581389,0.1685167546583,-0.367876994121426,-0.0285031286521233,0.111804905404426,"Oriolus_oriolus",470.27,6.15543117817996
"827",0.981246243419152,0.512237345753983,0.162574180186234,-0.37930018490462,-0.0288590949386438,0.111859842846889,"Oriolus_oriolus",658.69,6.4917700277086
"838",-1.31931518669798,0.287219586156246,-1.31956829517324,0.290253223661524,-0.53890530315013,-1.0324301297876,"Pachycephala_pectoralis",452.66,6.11734801879823
"839",-1.32722371211672,0.404856361599369,-1.66088051786213,0.392615992545149,-0.97887364711193,-0.37556385028933,"Pachycephala_rufiventris",140.8,4.95441761409803
"840",-1.3270091469172,0.403427267410737,-1.661490481721,0.39144348161347,-0.978910184570699,-0.375558211343692,"Pachycephala_rufiventris",160.14,5.08227355234905
"845",1.06743837622927,0.586202400746354,-0.0820748532932206,-0.311260044408434,-0.448813523974317,0.00274650853144052,"Panurus_biarmicus",643.41,6.46833516949402
"848",-4.45326478958869,-1.44535572766057,2.45988323568988,-0.343763434613926,0.948041823861298,0.265075462042381,"Paradisaea_minor",1433.77,7.26875983660207
"849",-4.54183508917025,-1.47567555275463,2.54648380025429,-0.342412884558721,1.10879630676772,0.0492920558489556,"Paradisaea_raggiana",1246.39,7.12880864738521
"854",0.450431251341439,-1.7031246528733,0.163286581629285,2.12968314665879,0.998787372591926,0.386886616813203,"Parkesia_motacilla",1030.84,6.93909889526207
"858",-2.48026515216327,-0.81884970101781,2.20326446156392,-0.36515170998777,-0.903276165296764,0.542333132251476,"Paroreomyza_montana",318.77,5.76760198736916
"859",-2.48069627954969,-0.815978211867332,2.20449006629794,-0.36279577540633,-0.903202750320147,0.542321801877768,"Paroreomyza_montana",279.91,5.63803433333414
"862",0.0431310250760262,0.314233762216764,0.186615717944534,-0.284781028737201,0.681189474745179,0.145181730981519,"Passerculus_henslowii",308.01,5.73337363883364
"865",1.57981187261385,0.583254111839848,0.597901521672032,-0.510088730049524,0.0846075500636349,-0.362761295077732,"Passerculus_sandwichensis",194.6,5.27607175760072
"866",2.17776494899838,0.653873374099684,0.795858314060822,-0.625903215982681,-0.0858699123146997,-0.63878200375898,"Passerella_arborea",432.02,6.07078391631224
"867",2.00170369888564,0.398902702186517,0.605393360302904,-0.772664777289847,-0.0583174739580811,-0.517694589660149,"Passerella_iliaca",3529.87,8.16929957848484
"868",1.97636570113077,0.567664390586152,0.677423973474398,-0.634202997743585,-0.0540027665855469,-0.518360492575672,"Passerella_iliaca",1246.01,7.12850396489407
"870",1.96796792542623,0.623597097677313,0.701297088435048,-0.588312593161103,-0.0525727425917092,-0.518581192860662,"Passerella_iliaca",489.07,6.19454823804442
"871",0.86029702525551,0.54087111401698,0.0327966922148678,-0.29962974204867,-0.157886102210392,-0.0628506280757255,"Passerina_amoena",268.53,5.59667970140792
"875",-0.495167850853183,0.331485036813822,-0.351607408877301,-0.0858321967364186,0.34364918366645,0.590351639921512,"Passerina_ciris",155.35,5.05209708390385
"876",-0.495116040125067,0.33113995564211,-0.351754695910443,-0.0861153211444301,0.343640361022579,0.590353001549026,"Passerina_ciris",160.02,5.08152858087183
"877",0.0794836723476618,0.367992541581894,0.0408663470346894,-0.238984858636009,0.44751068503383,0.219095992716472,"Passerina_cyanea",182.66,5.21308622218538
"879",-0.225833880984657,0.51172559321596,-0.857269521530111,0.0401652619559703,-0.572017587777759,0.600703363540368,"Passerina_versicolor",127.25,4.85398148405088
"881",-1.43732000831588,0.164219846234648,-0.534276824480153,0.0476971862778151,0.790736912734284,0.808693507036995,"Pericrocotus_cinnamomeus",37.58,3.65273400747758
"884",1.63220416440638,0.529404643343376,0.613893998354632,-0.568280656023437,0.102086434017408,-0.411964344963953,"Perisoreus_canadensis",929.36,6.83557160801887
"885",1.86372213027548,0.426562881076619,0.56539647162135,-0.712095496185998,-0.0350626242317456,-0.418842911333078,"Perisoreus_infaustus",2944.87,7.98815946841824
"887",-3.91758071460087,-1.37485212741899,2.65887543513115,-0.342109650322274,0.619141534217067,-2.02912097668398,"Petroica_australis",878.99,6.77991054377132
"888",-1.25368468883078,0.430279882351647,-1.68617331022333,0.399430635929716,-1.07760910860936,-0.450734540295355,"Petroica_goodenovii",90.73,4.51884947952156
"889",-3.42879147850979,-1.09642896631654,2.15274811957869,-0.202463632058632,-0.475083214635341,-1.89783973794777,"Petroica_macrocephala",338.03,5.82608859904017
"891",-1.34704616605171,0.169882677055983,-0.852087073938068,0.183948102957341,0.0851669502326324,-1.67231412606812,"Petroica_phoenicea",325.74,5.78916474759836
"897",0.0942014815848059,0.496714463955959,-0.590277079720251,-0.0832294719897075,-0.422998222485478,0.472473273854013,"Peucaea_cassinii",458.84,6.13087860289066
"906",0.15974376373975,0.590683205462005,-0.836700625190933,-0.00292233637793565,-0.825284989788808,0.567605736688609,"Phainopepla_nitens",212.62,5.36419873566155
"909",0.780683952301814,0.433464757094639,0.341323795265396,-0.39884623290829,0.350686693325273,-0.0527367745063073,"Pheucticus_ludovicianus",500.56,6.21772324132234
"910",0.78050133890036,0.434681038911851,0.341842926864007,-0.39784832546592,0.350717789838786,-0.0527415737330504,"Pheucticus_ludovicianus",484.1,6.18435505525117
"912",0.618421801352427,0.504767766987892,-0.140399628846857,-0.251514913706063,-0.198978481571856,0.0957805220369004,"Pheucticus_melanocephalus",527.24,6.26955072588632
"916",-1.42619201000473,0.267696693710081,-1.40143003656015,0.295143822488117,-0.534275951100177,-0.680795489863839,"Philemon_corniculatus",709.65,6.56618004418502
"920",1.62968139050615,-1.38038794972089,0.0770046399725012,2.09936652261745,-0.0532930701528987,-0.0936621875830333,"Phoenicurus_ochruros",605.94,6.40842993938635
"921",1.63101670940038,-1.38928173340981,0.0732086084288335,2.09206955179342,-0.0535204563233987,-0.0936270943308583,"Phoenicurus_ochruros",726.3,6.58933904716049
"925",-1.28743601376426,0.315417914920826,-1.34473354366128,0.298388734672859,-0.5898507430723,-0.854611343282168,"Phylidonyris_niger",327.73,5.79523674513946
"926",-1.21391935470109,0.283386729324516,-1.17976157443594,0.257537936828194,-0.448541216556413,-1.32560120709736,"Phylidonyris_novaehollandiae",332.78,5.81048209331526
"927",-1.30309571544142,0.175112680905127,-0.971189908869948,0.182760808116759,-0.0851994313390633,-1.55610062769503,"Phylidonyris_pyrrhopterus",743.52,6.61273971543013
"940",1.87658752748825,0.474294926975544,0.626345188810582,-0.681277750254282,0.00327110179817276,-0.449575297097599,"Pinicola_enucleator",2237.43,7.71353000625171
"942",0.896510499902613,0.533500566313577,-0.115560456628968,-0.297837927456349,-0.369358310907901,-0.109897518965477,"Pipilo_chlorurus",843.99,6.73932479296762
"943",0.894124654703176,0.549391295644772,-0.108777999139223,-0.284800260659162,-0.368952034769931,-0.109960220892033,"Pipilo_chlorurus",628.94,6.4456245767549
"945",-0.125362865004473,0.291656047175701,0.153591810314633,-0.256576352686614,0.759658266847789,0.219500640935041,"Pipilo_erythrophthalmus",210.91,5.35616165623247
"946",-0.121695508626302,0.267229916100512,0.143166285330628,-0.276616953181746,0.759033767242268,0.219597022003826,"Pipilo_erythrophthalmus",541.47,6.29613278434637
"951",1.16859937690694,0.551356438659545,0.283661388486061,-0.39877018731013,-0.0347535960282378,-0.156679418031989,"Piranga_ludoviciana",315.73,5.75804967592914
"952",1.16972789666367,0.543840023930091,0.280453243515789,-0.404937085550585,-0.0349457671919405,-0.15664975962711,"Piranga_ludoviciana",417.45,6.03655740847888
"953",0.145035798588646,0.308496065255326,0.235700833645796,-0.320063303568106,0.681236051321892,0.0839648593129182,"Piranga_olivacea",515.43,6.24693975178545
"954",0.143330038535573,0.319857142375396,0.240549951706937,-0.310742023539892,0.681526518451457,0.0839200305697983,"Piranga_olivacea",361.68,5.89352090277786
"955",-0.372528422478514,0.321264037783083,-0.271172468381336,-0.132082315144489,0.370740438090531,0.492713304764646,"Piranga_rubra",379.91,5.94256312674981
"956",-0.374994036229376,0.337686059110982,-0.264163245630715,-0.118608745886145,0.371160297699471,0.492648506456542,"Piranga_rubra",157.67,5.066826573746
"961",-1.32017155244942,0.368629092706479,-1.50729895426476,0.359953554605529,-0.794360199209067,-0.683574419645374,"Plectorhyncha_lanceolata",87.49,4.48288955127926
"969",-1.85665487694012,0.222064604803498,-1.35148922322389,0.331991955225085,-0.108438768435308,0.132484277522818,"Poecilodryas_cerviniventris",146.12,4.99124858029607
"970",-2.03762213581182,0.104410093691821,-1.03076386097073,0.26451774263234,0.456138121272405,-0.122750254344352,"Poecilodryas_superciliosa",99.37,4.60886335782571
"973",-0.135529319851065,0.391040738330799,-0.245459180912403,-0.137727113616334,0.209589966908739,0.377300504576694,"Polioptila_caerulea",114.28,4.74736395169127
"974",-0.135330730550577,0.389718050327877,-0.246023728641147,-0.138812322803358,0.209556149922598,0.377305723662885,"Polioptila_caerulea",132.18,4.89170159668248
"975",0.242392644646785,0.641920926879753,-0.94367404093903,0.0295154357263774,-1.04640209245689,0.526472915288228,"Polioptila_californica",109.65,4.70637206649706
"978",0.0791761226317513,0.590915781157246,-0.85981782408128,0.0201600390993586,-0.803363096650923,0.608287303601551,"Polioptila_melanura",55.57,4.03547880935506
"979",-2.38961173431994,-0.0909617768977063,-0.49099611519187,0.129442377650639,1.50517077141706,0.190616589821134,"Polioptila_plumbea",80.5,4.40060302024682
"983",0.83856580069776,0.500522685610214,0.237161932531135,-0.347109127150879,0.138856568003534,-0.087036198382995,"Pooecetes_gramineus",132.6,4.89485026110255
"985",-1.19227135702016,0.28617566933871,-0.897172854794196,0.137614033054979,0.0681991404021919,0.413240025646976,"Prionops_plumatus",130.27,4.87725627081532
"987",-1.43374187761143,0.254426830116121,-1.13083860467332,0.238407449411521,-0.137206689585142,-0.290080453565253,"Prionops_retzii",238.38,5.47805224744522
"992",-2.89855568973346,-1.26543774181544,1.62920495037109,-0.450583260309864,-1.3245530048113,-1.57230729719843,"Prosthemadera_novaeseelandiae",5371.14,8.58898161836088
"994",1.99471799401491,-1.36663364175281,0.341480366187675,1.99145121829438,0.0403217904434137,-0.304110595737035,"Prunella_collaris",703.09,6.55690618889618
"996",1.16544963542222,0.504851251233786,0.427964211404518,-0.464329884330005,0.205596671873166,0.103915550323423,"Prunella_modularis",554.28,6.31947249103133
"1000",-2.4794776734734,-0.824094639255095,2.20102582481608,-0.369454958484698,-0.903410261926725,0.542353827823422,"Pseudonestor_xanthophrys",389.75,5.96806796930159
"1007",-0.967928995013863,0.36933089733816,-1.40269842494832,0.27833881573834,-0.92253248329456,-1.22882453209136,"Psophodes_nigrogularis",632.3,6.45094424352238
"1009",-2.82323139006158,-0.474036749000127,0.621258386672333,-0.168171984361755,3.39196770349564,-0.0900723665621656,"Ptiliogonys_caudatus",354.78,5.87431256229712
"1011",-1.7230801174507,0.282639596390607,-1.45697707815513,0.358580017375119,-0.365113862615025,0.0747076592723286,"Ptilotula_flavescens",67.05,4.22024272909747
"1012",-1.40697810481591,0.279901851206229,-1.23864842442264,0.298545910270826,-0.375777586872141,-0.999890028093964,"Ptilotula_fusca",83.61,4.43805246293641
"1015",-1.28673301534325,0.424905647506178,-1.68745778391702,0.402208693565505,-1.05219268500787,-0.407417623888833,"Ptilotula_penicillata",77.78,4.36665915754276
"1019",-1.09000484867237,0.461310895413275,-1.69503313393489,0.396060230983399,-1.23576938204132,-0.768925922993063,"Purnella_albifrons",111.47,4.72268651941593
"1020",-1.32126537620935,0.279817335422705,-1.03422848336117,0.188391648464818,-0.037992936613402,0.300783373738626,"Pycnonotus_barbatus",174.21,5.165985254499
"1022",-1.24294944620828,0.207239178661419,-0.573675582910838,0.0323965143226596,0.600269834375367,0.821589597085705,"Pycnonotus_cafer",184.93,5.22537025879197
"1024",-0.963501398493135,0.424731245800544,-1.50646951647722,0.325326303059939,-1.07545736929902,-1.06142870975687,"Pycnonotus_capensis",312.26,5.74703351665052
"1027",-1.50682935994077,0.0885562896188922,-0.357107276875561,-0.00448864220105621,1.08643485806972,0.620009602970312,"Pycnonotus_jocosus",211.34,5.35818876358543
"1028",-1.50561197424565,0.0804479904814267,-0.360568049069701,-0.0111411563961519,1.08622755427702,0.620041596843369,"Pycnonotus_jocosus",321.07,5.77476891322269
"1029",-1.5064634674754,0.0861192923933967,-0.358147432411538,-0.00648809465849043,1.08637255168966,0.620019218917942,"Pycnonotus_jocosus",244.32,5.50256348075778
"1030",0.418198747031977,-1.32490256805752,-1.18634146698977,2.54633495775114,-0.850548358015376,1.31021477382723,"Pycnonotus_leucotis",325.31,5.78784784977387
"1031",-1.15481177189901,0.417536439502986,-1.60488506206652,0.352536372651311,-1.02380166967115,-0.445588579376893,"Pycnonotus_nigricans",306.94,5.72990495880177
"1036",-1.72905035934422,0.193494016835607,-1.15674249618229,0.294613185377694,-9.92574815791465e-05,-0.717774305067874,"Pyrocephalus_rubinus",67.96,4.23352662635544
"1037",1.79783759805214,-2.36236861639265,-0.192193025209438,1.27734295592832,0.0910483797580681,-0.194857958750381,"Pyrrhocorax_graculus",13518.98,9.51192387030592
"1039",1.51804942296553,0.583089715013432,0.52080330106052,-0.491426834697909,0.0354152916257339,-0.230878747850095,"Pyrrhula_pyrrhula",268.55,5.59675390189768
"1040",1.52166929542158,0.558979846767991,0.510512762907745,-0.51120795500754,0.0347988778694133,-0.23078361469689,"Pyrrhula_pyrrhula",594.83,6.38995539147881
"1042",-0.872664819627612,-0.0335368454758797,-0.390279943547708,-0.275035143996656,0.736254668076234,0.551383943523277,"Quiscalus_major",3540.47,8.17229717417093
"1043",-0.882525610474908,0.0321401558580371,-0.362247783392114,-0.221149960895015,0.737933823129426,0.551124794026221,"Quiscalus_major",2651.66,7.88331818912134
"1047",1.36491482824904,-1.63228065076373,0.254843436529508,1.93594562964269,0.506534127452475,0.131070889220242,"Quiscalus_quiscula",2456.58,7.80693240489941
"1048",-1.14503438591457,0.320659329912179,-1.2270323033948,0.272026664186436,-0.568713124889888,-1.28618415965986,"Quoyornis_georgianus",221.74,5.40600517196495
"1059",1.49968388255387,0.565253709646728,0.575071659651833,-0.500029474093606,0.113548573757599,-0.365169757598098,"Regulus_calendula",242.95,5.49696328626185
"1061",0.589674784919255,0.458308567898685,0.171819369416664,-0.319787433733348,0.256196972754935,0.199564809318963,"Regulus_ignicapilla",193.47,5.27027790951679
"1062",0.58950193456721,0.459459823713519,0.172310746713526,-0.318842877357155,0.256226406757398,0.199560266672993,"Regulus_ignicapilla",177.89,5.18677109180312
"1063",1.1600757397756,0.528746532238781,0.406485298083812,-0.437783737633717,0.160616799699033,0.0413174162516936,"Regulus_regulus",291.97,5.68007021469645
"1064",1.16018990088744,0.527986171370062,0.406160761987233,-0.438407581350727,0.160597359655045,0.0413204164973307,"Regulus_regulus",302.26,5.71459052337279
"1065",1.09833136905422,0.503428337074403,0.458961780412616,-0.432757551668433,0.251992597092489,-0.243842685995117,"Regulus_satrapa",191.58,5.26051165181214
"1066",-1.25163469327953,0.0922249950579052,-0.0950223635340663,-0.0846441740033569,1.23802977431497,0.305605474418587,"Rhipidura_albicollis",91.98,4.53238441626244
"1070",-3.23460597081944,-1.00728397438907,2.06010896512685,-0.177176720745054,-0.75573536358458,-1.82361439804225,"Rhipidura_fuliginosa",95.05,4.56486888921457
"1072",-1.52302871363697,0.335763904050277,-1.54257973665317,0.378202854441156,-0.669990121215612,-0.381676411245705,"Rhipidura_leucophrys",91.13,4.52320062312084
"1074",-1.68374118741809,0.200834546170659,-1.1652138297511,0.300123837117194,-0.0642345764977468,-0.943451802875346,"Rhipidura_rufifrons",62.96,4.15825788796575
"1080",0.731281783123504,0.609166344634433,-0.386537712926348,-0.182339419419146,-0.622546128489028,0.321447946276416,"Rhodospiza_obsoleta",329.61,5.80093943296334
"1082",0.730562091060787,0.613959795514296,-0.384491779341787,-0.178406597074884,-0.622423574975566,0.321429032191433,"Rhodospiza_obsoleta",264.74,5.58251838716316
"1100",-0.992419102250391,-0.301310496734181,1.49488795672161,-0.289421407138688,-2.98700857637775,0.741151241289199,"Saxicola_dacotiae",319.64,5.77031899845645
"1102",1.20502242344753,0.543111224126029,0.383507864351159,-0.437784705387167,0.0991863226083298,0.0756842783042274,"Saxicola_rubetra",320.05,5.77159687424006
"1104",1.22650692607869,0.557966472109143,0.365654785301472,-0.427621001891646,0.0505444113438074,0.0345017015421502,"Saxicola_torquatus",238.88,5.48013879830031
"1105",0.23581596633284,-1.58170017125181,-0.434722939959992,2.346765353979,0.297493914873689,0.502591237645993,"Sayornis_nigricans",612.1,6.41852805476864
"1106",1.49687324498843,-1.46636463927941,0.397365426867811,2.02146311419279,0.508325626659749,0.116162970637285,"Sayornis_phoebe",459.6,6.13252998738658
"1107",1.49532036541361,-1.45602181024203,0.401779937794757,2.02994896502563,0.508590060377636,0.116122159715824,"Sayornis_phoebe",319.63,5.77028781034535
"1108",-1.15070264413994,-0.43958506846658,1.94710625265023,-0.389816888623019,-2.26324733290694,0.40073039017493,"Serinus_canaria",204.5,5.32544603393629
"1109",-1.15019274669579,-0.442981199227156,1.94565672116346,-0.392603269306575,-2.26333416132499,0.40074379068897,"Serinus_canaria",250.46,5.52728393116504
"1110",-1.15064683943707,-0.43995675118472,1.94694761158455,-0.390121838467194,-2.26325683566897,0.400731856767306,"Serinus_canaria",209.53,5.34962816078246
"1111",1.65047218248565,-1.36346167546514,0.166184784937017,2.10791515313483,0.019031923454146,-0.290972825951722,"Serinus_pusillus",162.82,5.09876826408746
"1112",1.65093503978265,-1.36654449912335,0.164868978722312,2.10538582758831,0.0189531053166148,-0.2909606616905,"Serinus_pusillus",204.54,5.32564066219693
"1113",0.552665808721784,0.487789243497824,0.0299087524959977,-0.272807876182887,0.083482687100493,0.251164026337452,"Serinus_serinus",133.01,4.89791442403214
"1114",0.552878820708899,0.486370494355025,0.0293032040942162,-0.273971899444947,0.0834464141321181,0.251169624463422,"Serinus_serinus",152.21,5.03180952932766
"1120",0.540821665655708,0.370890770918188,0.450588883661683,-0.3863158764938,0.653770373810393,-0.226526413033898,"Setophaga_caerulescens",221.11,5.40317275465042
"1121",0.54041328173666,0.373610779040398,0.451749833488223,-0.38408422564607,0.653839915891949,-0.226537145691031,"Setophaga_caerulescens",184.3,5.22197613329131
"1122",1.29039785380839,0.518107523892714,0.543859669838272,-0.47787054341452,0.22759007688886,-0.351057904559646,"Setophaga_castanea",300.62,5.70916794693254
"1123",-0.00573308854281371,0.315628855272181,0.214137384262623,-0.272632385030526,0.743981125028847,0.139832064704656,"Setophaga_cerulea",76.96,4.35619587463936
"1124",-0.00621269834505336,0.318823257639015,0.215500814336009,-0.270011513904544,0.744062795884203,0.139819460174151,"Setophaga_cerulea",33.73,3.54760386675598
"1125",-0.54451999619469,0.351689904339375,-0.476455731603316,-0.044213164962818,0.204504124879918,0.629277034151036,"Setophaga_chrysoparia",121.04,4.80434885984847
"1127",1.62522160342646,0.585361891174256,0.646108274700477,-0.523588937809844,0.113236031020726,-0.413280862389985,"Setophaga_coronata",153.39,5.03948186865384
"1128",-0.506922872195789,0.23777781693435,0.0587395112771706,-0.192806263196191,0.913237074820074,0.386785432970787,"Setophaga_discolor",77.55,4.36373536470163
"1129",-0.59207673574379,0.22747332320565,0.0196413620435226,-0.175279976049338,0.923527604454049,0.424314531539647,"Setophaga_dominica",75.48,4.33702926874315
"1136",1.21464179732798,0.508369384634169,0.512158394425817,-0.464268819583893,0.2433832311978,-0.293611363524702,"Setophaga_magnolia",304.64,5.72240793877937
"1140",0.813856864480955,0.443175071513236,0.449875300410914,-0.40199344914946,0.445389581652145,-0.244816527923683,"Setophaga_pensylvanica",128.41,4.86298565883358
"1141",1.25214980419734,0.540996962306292,0.463256411849796,-0.449697068533647,0.152369294776946,-0.15321672289404,"Setophaga_petechia",195.15,5.27887967265556
"1142",1.25146661262616,0.545547304609082,0.465198582192593,-0.445963706425436,0.15248563276614,-0.153234677716813,"Setophaga_petechia",133.57,4.90208450975345
"1144",1.25145895750788,0.545598290906401,0.465220344088282,-0.445921874339456,0.152486936325941,-0.153234878899465,"Setophaga_petechia",132.88,4.89694387634313
"1145",-0.237339104702821,0.28767577074995,0.0875537735275384,-0.216165643578432,0.733056412901081,0.108999505923835,"Setophaga_pinus",84.43,4.44769732716353
"1146",-0.236774179161991,0.283913129794151,0.0859478087036471,-0.219252730271353,0.732960213966203,0.109014352620418,"Setophaga_pinus",135.35,4.9152251092916
"1148",-0.237058638919785,0.285807751045264,0.0867564681318595,-0.217698274206811,0.733008653492721,0.109006876789696,"Setophaga_pinus",109.71,4.70691416987138
"1149",0.796307031302345,0.454621484628179,0.394664689390097,-0.389103477683274,0.392325862419237,-0.0990285961988783,"Setophaga_ruticilla",134.46,4.90867639378676
"1153",1.88726900239565,0.612977072373659,0.721187585106066,-0.578214972967516,0.0302329155482489,-0.486824374724412,"Setophaga_striata",343.1,5.84093231280344
"1154",1.30156882461064,0.531074496006827,0.497446389878151,-0.467965521796227,0.15863870463007,-0.299893748913343,"Setophaga_tigrina",317.61,5.7639677843029
"1156",1.30120437441393,0.533501887118335,0.498482445346824,-0.465973950746296,0.158700765411899,-0.299903326956995,"Setophaga_tigrina",284.76,5.65515229768813
"1157",1.30047724912041,0.538344846431827,0.500549510047488,-0.462000508840285,0.15882458470082,-0.299922436393249,"Setophaga_tigrina",219.22,5.39462704668544
"1159",1.21111604433065,0.482775929377152,0.624356063515288,-0.493703972039116,0.399869105017923,-0.343309856966403,"Setophaga_townsendi",283.96,5.65234881954135
"1160",1.21007350597496,0.48971967192657,0.627319781396299,-0.488006926938295,0.400046634749079,-0.34333725571106,"Setophaga_townsendi",189.99,5.25222107065506
"1162",0.945941411785828,0.458587181383609,0.50498986120618,-0.430108392155819,0.424736109028562,-0.282072008660299,"Setophaga_virens",159.7,5.07953927274347
"1176",0.374358438086529,0.5622338998765,-0.485114362448367,-0.110201170571399,-0.51045787661579,0.30500919875231,"Spinus_lawrencei",137.27,4.92920829540053
"1177",1.17531726003263,0.530594758400856,0.433518744464095,-0.431207350098207,0.161244586101705,-0.203243042638258,"Spinus_pinus",166.08,5.11847273962897
"1178",0.177612379556509,0.51811941032955,-0.484586592751915,-0.0947962346339406,-0.360328236726422,0.367584872853879,"Spinus_psaltria",123.72,4.82607122474952
"1179",0.177520629080809,0.518730506965537,-0.48432576539344,-0.0942948558642929,-0.360312612900981,0.367582461577745,"Spinus_psaltria",115.45,4.75746199633035
"1180",1.36764654544756,0.56624495715405,0.484458411303488,-0.466578827558961,0.102055374098873,-0.0885645496840378,"Spinus_spinus",183.88,5.21970696596613
"1181",1.36785046004772,0.564886800422558,0.483878724864699,-0.467693137327537,0.102020650288523,-0.0885591906446978,"Spinus_spinus",202.26,5.31448594770962
"1182",0.561797268166652,0.43034872354511,0.241655731033177,-0.331690354680014,0.35817761462996,-0.0156308637813929,"Spinus_tristis",195.46,5.28045884824672
"1183",0.56097927994738,0.435796868039827,0.243981099973976,-0.32722038410128,0.358316906606953,-0.0156523611682562,"Spinus_tristis",121.73,4.80998682060942
"1185",0.0504461389786678,0.341320307493806,0.0539541146416695,-0.255585657464187,0.500384740897065,0.246535751687192,"Spiza_americana",392.32,5.97462352991196
"1186",0.0506135530872914,0.340205259339387,0.0534781914446443,-0.256500506996713,0.500356232610983,0.246540151464322,"Spiza_americana",407.41,6.01227157178898
"1191",1.18147881193007,0.531449126611565,0.375445563237599,-0.42796279984574,0.0863657224200845,-0.165892330379173,"Spizella_pallida",340.83,5.83431353745597
"1192",0.888568834661785,0.49850148189665,0.322367167040998,-0.373984601688131,0.224058387855519,-0.0410237372531302,"Spizella_passerina",83.72,4.43935170129315
"1193",0.890107624381208,0.488252497203617,0.317992710617712,-0.382393457232283,0.223796353443353,-0.0409832966243776,"Spizella_passerina",222.42,5.4090534081427
"1194",0.891273421235692,0.480487801374173,0.314678594677129,-0.388764059543598,0.223597834510184,-0.0409526585474537,"Spizella_passerina",327.5,5.79453683792467
"1195",-0.0545290043921361,0.304111002401647,0.0821609761251307,-0.259648635586458,0.620815850217915,0.241389156793858,"Spizella_pusilla",461.79,6.1372733874802
"1204",-1.86306369382647,0.178525054322873,-1.18681564699102,0.293297344150697,0.107797155774793,-0.123229244419263,"Stomiopera_flava",128.12,4.86074220452164
"1205",-1.82606804061217,0.211269581643181,-1.33888270176908,0.317754508001613,-0.112674885886623,0.0417025540269693,"Stomiopera_unicolor",300.56,5.7089690013435
"1213",-1.26175679228392,0.444829899634614,-1.74879568480917,0.415295084421907,-1.1521405576522,-0.350879862797536,"Sugomel_nigrum",92.53,4.53828224044646
"1216",0.893563703793414,0.514714541507821,0.240893492272574,-0.363502478655961,0.126626688432844,0.161277393718241,"Sylvia_atricapilla",184.58,5.22348605592503
"1217",0.89395278350113,0.512123107526678,0.239787420269945,-0.365628639895568,0.126560433589046,0.161287619045208,"Sylvia_atricapilla",219.65,5.39657773571556
"1218",1.12446664029308,0.541241822827659,0.320329215901296,-0.411602811899948,0.0698876236860031,0.104010175752003,"Sylvia_borin",292.1,5.68051384771685
"1219",1.12406879602964,0.543891632424575,0.32146020369754,-0.409428755953205,0.0699553710113116,0.103999720085477,"Sylvia_borin",256.24,5.55000950126666
"1220",0.372153087235523,0.516158222414041,-0.278586988011632,-0.174067849567681,-0.207257295023631,0.40148305367151,"Sylvia_cantillans",156.17,5.05732802208824
"1221",0.372442872292995,0.514228132434358,-0.279410786149889,-0.175651406213775,-0.207306641374358,0.401490669455382,"Sylvia_cantillans",182.29,5.21106959798376
"1222",1.01025344216666,0.540718191616852,0.210007443902186,-0.367602352541535,-0.00528123409527944,0.0849485261277215,"Sylvia_communis",264.79,5.58270652329902
"1223",1.01081293146407,0.536991758321469,0.208416933178132,-0.370659732390789,-0.00537650731377655,0.0849632299554648,"Sylvia_communis",315.22,5.756438173882
"1224",0.242750152205652,0.550973588365549,-0.592148964139202,-0.077661340462492,-0.550600513412154,0.429368101430604,"Sylvia_conspicillata",223.75,5.41498867335173
"1225",0.243026845901415,0.5491306923436,-0.592935546281933,-0.0791733581789386,-0.550647630486699,0.429375373162984,"Sylvia_conspicillata",248.69,5.52022014842611
"1226",1.28119082799199,0.595178169105889,0.278230680302614,-0.400469770292167,-0.121457964588358,-0.0170615279655064,"Sylvia_curruca",168.5,5.1328529268205
"1227",1.2811972627291,0.595135311058867,0.278212387694643,-0.400504933494875,-0.121459060334278,-0.0170613588554511,"Sylvia_curruca",169.08,5.13626891459364
"1229",0.388332558658514,0.518596256717109,-0.316820376086871,-0.173873270235547,-0.264671695252205,0.428155700365477,"Sylvia_hortensis",283.85,5.6519627259264
"1230",0.387781057310623,0.522269486919637,-0.315252573427884,-0.17085954125862,-0.264577782270022,0.428141206467458,"Sylvia_hortensis",234.14,5.4601810814396
"1231",-0.347643352933339,0.580289989577758,-1.30466056874821,0.169028370440976,-1.09743472479522,0.775607529963217,"Sylvia_leucomelaena",217.29,5.38582445398627
"1232",0.277564038700815,0.509319937993967,-0.369838603453,-0.141045221667061,-0.26912305762436,0.348119566194933,"Sylvia_melanocephala",198.4,5.29531285752774
"1233",0.277563705869585,0.509322154789503,-0.369837657283622,-0.141043402880714,-0.269123000947847,0.348119557447861,"Sylvia_melanocephala",198.37,5.29516239485474
"1234",0.445799850245929,0.56437899376911,-0.421567799376494,-0.14534172746561,-0.452537556244172,0.511897875354006,"Sylvia_mystacea",206.61,5.33566131968846
"1235",0.445793748340048,0.564419635020596,-0.421550452937901,-0.145308383049249,-0.452536517174765,0.511897714991022,"Sylvia_mystacea",206.06,5.33300860633797
"1237",1.04960739992412,0.521725231996898,0.1125543585573,-0.384447327160826,-0.140808144476916,0.0948495231315143,"Sylvia_nisoria",868.64,6.76807933290919
"1238",1.04412245219964,0.558257283492128,0.128146914513381,-0.354474334424898,-0.139874134433434,0.094705374303475,"Sylvia_nisoria",374.25,5.92759247051357
"1241",-0.860414561278251,-0.428588542656503,2.21394515206139,-0.494795097040751,-2.0904812119335,0.50010916215855,"Sylvia_sarda",210.27,5.35313693631214
"1242",-0.860199108528783,-0.430023548299896,2.21333266508417,-0.495972458069356,-2.09051790052963,0.500114824429713,"Sylvia_sarda",229.69,5.44107481790299
"1243",0.329371306087531,0.475653465977121,-0.152916335599982,-0.20357730517464,-0.00643040325616386,0.298073102604275,"Sylvia_undata",149.77,5.01575549679083
"1244",0.32998038723819,0.47159673014693,-0.154647825561326,-0.206905684189593,-0.00653412127511079,0.298089109745721,"Sylvia_undata",204.67,5.32627294256137
"1250",-1.86367344242145,0.129028089153821,-0.98556987253168,0.239823378629907,0.379690776579594,-0.290314699324148,"Symposiachrus_trivirgatus",126.48,4.84795948954914
"1255",-2.42049860911043,-0.131992050487376,-0.346111225984352,0.0759810681830714,1.75951974913226,0.452951180335198,"Tangara_cayana",173.78,5.1635280401994
"1258",-2.6081640873136,-0.202604140041546,-0.346604531219589,0.0818192228184417,1.89033629477471,0.220239169668545,"Tangara_episcopus",415.79,6.03258249782888
"1266",-2.37933689391045,-0.0901458394654402,-0.578730717168969,0.144152919436176,1.37123450593322,0.0363873358267119,"Tangara_palmarum",288.84,5.66932904658682
"1272",-1.5289496053276,0.210028135588642,-0.979759332170672,0.205253163891083,0.153854179142071,-0.144200284465057,"Tchagra_australis",137.21,4.92877426761594
"1273",-1.42593056398869,0.243470415057932,-0.998860585181087,0.188502243687767,0.0824570092747978,0.209029229251595,"Tchagra_senegalus",188.65,5.24518026813491
"1275",-1.80044011957457,-0.539131753296341,1.65196325374773,-0.285331478911439,-2.14499720916168,0.922148844825518,"Telespiza_cantans",501.85,6.22029191489049
"1276",-1.80017074816586,-0.540925879816506,1.65119748733131,-0.286803483328252,-2.14504307935293,0.922155924122317,"Telespiza_cantans",526.13,6.26744719743791
"1277",-1.79711446992573,-0.561281974288291,1.64250912932491,-0.30350479209035,-2.14556352088043,0.922236245567226,"Telespiza_cantans",801.61,6.6878689172618
"1278",-1.09585116928315,0.369932701001144,-1.46511419353962,0.302615846240234,-0.890838402459314,-0.856943754080111,"Telophorus_zeylonus",542.76,6.29850797303838
"1283",-3.25242531338796,-0.849423995741782,1.49573493237661,-0.0637519005928469,-1.405192617973,-0.194614838591149,"Terpsiphone_mutata",169.41,5.1382072981193
"1284",-0.648871864497412,0.414107997601949,-0.846931112027833,0.0599830741229457,-0.216017223168235,0.937684950763699,"Terpsiphone_paradisi",168.01,5.12995788477014
"1287",-1.52404193636735,0.210115467858003,-0.9367309296398,0.186472205966598,0.231382214938961,0.116407900308473,"Terpsiphone_viridis",113.72,4.74249437685131
"1290",-2.58301870259653,-0.226954273238083,-0.0965684822878863,0.0187427404075213,2.22938692004738,0.414983305266695,"Thamnophilus_atrinucha",165.5,5.1149953094205
"1298",-1.96085207562166,0.0975849922659855,-0.934819726290592,0.229444765676404,0.533627318002792,-0.16439833691647,"Thamnophilus_torquatus",128.41,4.86298565883358
"1305",-0.0636671649837987,0.228196528572944,-0.90661202776989,-0.232706461430999,-0.559614672451877,0.588388511088923,"Toxostoma_curvirostre",4107.13,8.32072321611736
"1306",0.385526678837572,0.0744564924713146,-1.11905063471624,-0.470357628570877,-0.987900076253482,0.751873948594257,"Toxostoma_lecontei",7841.94,8.96736904304953
"1309",0.387346291588671,0.236769031927274,-0.538063124634721,-0.373907696520236,-0.39212191178558,0.258645578567651,"Toxostoma_redivivum",4194.34,8.34172966448472
"1312",0.235702496869055,0.332336835279046,0.123833505185232,-0.3175378898431,0.476850439675019,0.156200830459286,"Toxostoma_rufum",810.49,6.69887206401982
"1318",-2.05536168567843,0.0105897777855115,-0.586329528233682,0.129025913771453,1.12495257076223,0.206984096430723,"Trochocercus_nitens",76.54,4.35079393224278
"1328",-1.79835146443291,-0.010472385926836,-0.321885286977041,-0.00750461732120034,1.36270349469645,0.602029109688346,"Turdus_grayi",467.56,6.14966416178153
"1329",1.84179730078782,0.591957773654354,0.649521101407755,-0.582551899889871,-0.00754571921383281,-0.340629213447876,"Turdus_iliacus",702.45,6.55599680082322
"1330",1.84163654330379,0.59302848589806,0.649978101217224,-0.581673426084285,-0.00751834445801243,-0.340633438283569,"Turdus_iliacus",687.96,6.535183214176
"1333",1.6396350974553,-1.45374903620109,0.234921034146863,2.00048850410602,0.22509101811052,0.290026314112276,"Turdus_merula",1203.7,7.09398585227281
"1334",1.63918510963251,-1.45075192863693,0.236200255145626,2.00294750324712,0.225167644756212,0.290014488071164,"Turdus_merula",1163.14,7.05973789597302
"1335",1.98532874380729,-1.40023805574057,0.512384034901803,1.93653140401906,0.308444870664555,-0.0652310724041244,"Turdus_migratorius",691.54,6.5403659981262
"1336",1.98834241965,-1.4203104003838,0.503816786575765,1.92006289990937,0.307931683730734,-0.06515187058441,"Turdus_migratorius",963.18,6.87127799917187
"1337",1.9874157065623,-1.41413810268077,0.506451237513307,1.92512700736145,0.308089490035336,-0.0651762253480705,"Turdus_migratorius",879.65,6.7806602711783
"1338",1.98300891013511,-1.38478699085727,0.518978835464954,1.94920834485743,0.308839905960762,-0.0652920394947674,"Turdus_migratorius",482.44,6.1809272120533
"1339",1.98720735421241,-1.41275038867547,0.5070435395438,1.92626556761465,0.308124969532528,-0.065181701015035,"Turdus_migratorius",860.87,6.75910444722544
"1340",1.98919269249857,-1.42597357404547,0.50139963920532,1.91541650705498,0.307786894131971,-0.0651295247315794,"Turdus_migratorius",1039.82,6.94776414300137
"1344",2.075543959897,-1.39406091786822,0.463331700166988,1.91415708650748,0.203094766079182,0.084812471797565,"Turdus_philomelos",1051.36,6.95879054008196
"1345",2.07383642474404,-1.38268801783863,0.46818586446481,1.92348806672955,0.203385535483483,0.0847675964033954,"Turdus_philomelos",897.45,6.80067105637246
"1346",2.41614119211194,-1.35396414981344,0.61142877650623,1.84795034566494,0.14427452303226,-0.144637383247716,"Turdus_pilaris",1071.16,6.97743058422486
"1348",1.14670870312684,0.372835118559926,0.604737734850536,-0.592362220308493,0.535129583982244,0.223643470041799,"Turdus_torquatus",1640.97,7.40365201944352
"1349",1.1336091315817,0.460083757250995,0.641977069221343,-0.5207784272645,0.537360258184273,0.223299202788782,"Turdus_torquatus",460.23,6.13389683398104
"1350",1.13638094388992,0.471555951201413,0.255181285645145,-0.463199442307091,0.01749882279093,0.0589368884552648,"Turdus_viscivorus",1320.66,7.18664380125193
"1351",1.13441635208375,0.484640956316354,0.260766208092408,-0.45246375276305,0.0178333653555041,0.0588852574059532,"Turdus_viscivorus",1143.58,7.0427930364692
"1352",-3.44760250470523,-0.952603585486121,1.74972971837597,-0.116068302170995,-0.911256682029584,-0.29385759698015,"Tylas_eduardi",136.05,4.92034582274879
"1355",-1.57357963122616,0.0129515865796181,-0.76450120878071,0.00169712462230748,0.63690482490387,0.481125457664704,"Tyrannus_dominicensis",1978.75,7.59072585309052
"1356",-0.364704209116822,0.315099316844987,-0.345067896203204,-0.134512195699891,0.281050614274643,0.552157301100411,"Tyrannus_forficatus",692.57,6.54185217193576
"1357",-0.369176684240044,0.34488787632085,-0.332353587494341,-0.110071951031442,0.281812214365319,0.552039760864873,"Tyrannus_forficatus",289.44,5.67139701451205
"1358",-2.1756482783326,-0.0383607044045419,-0.739481608856615,0.157517013650261,0.992450949434495,-0.17740825913459,"Tyrannus_melancholicus",615.07,6.42336059344103
"1359",-2.1760193851539,-0.0358889773823217,-0.738426630000386,0.159544960427131,0.992514143746585,-0.177418012119678,"Tyrannus_melancholicus",581.62,6.36753517280669
"1362",0.65972963411895,0.417235948440742,0.258815723102826,-0.373149734652373,0.333169343316329,0.0152224783660841,"Tyrannus_tyrannus",593.62,6.38792254605617
"1363",0.661027121196718,0.408594140511036,0.255127239478433,-0.380239970094972,0.33294839937615,0.0152565773677613,"Tyrannus_tyrannus",710.57,6.56747379638696
"1364",1.42687190449035,-1.44770203410064,-0.0527764664992487,2.09913859153423,-0.0288402039685565,0.209327944534999,"Tyrannus_verticalis",1276.02,7.15228451761702
"1365",0.167760646580381,0.45962069862612,-0.706754057551054,-0.11545094126221,-0.605955891407743,0.340200434996765,"Tyrannus_vociferans",1384.16,7.23357093541482
"1366",0.413613510597949,0.33804512378203,0.297618019255344,-0.36959910237207,0.568623480905829,-0.0687297523596459,"Vermivora_chrysoptera",711.86,6.56928504769825
"1367",-0.0958953284070677,0.255071416462813,0.183253967831535,-0.295011113023465,0.796538872439562,0.158498091091447,"Vermivora_cyanoptera",633.78,6.45327848216979
"1368",-2.62838670001378,-0.767682807257058,1.93802211405788,-0.273435566465431,-1.1477809253895,0.938163451295961,"Vireo_altiloquus",119.71,4.79339097471304
"1369",-2.62724653116399,-0.775276809830259,1.93478085315939,-0.27966612222803,-1.14797508023116,0.938193415848355,"Vireo_altiloquus",222.48,5.40932192459095
"1371",-0.0632201033171982,0.424508687333552,-0.331529266858314,-0.125118857332421,0.0437197234229249,0.45452794994775,"Vireo_bellii",174.26,5.1662705856277
"1372",-0.0639595433662214,0.429433668081862,-0.329427193890672,-0.121078120331572,0.0438456397428304,0.454508516869839,"Vireo_bellii",107.61,4.68776348429194
"1375",-0.0638550343600429,0.428737594283676,-0.329724291075296,-0.12164921924452,0.0438278433177215,0.454511263450393,"Vireo_bellii",117.03,4.77093882944098
"1378",-0.151641450008381,0.298347308997908,0.134558335158379,-0.242657940016148,0.748586774763226,0.238151589285571,"Vireo_flavifrons",113.11,4.73716289544659
"1379",0.732975642740108,0.48563687963007,0.211236728543453,-0.333289386618979,0.189234007504704,0.0359854396137358,"Vireo_gilvus",117.88,4.77811458096945
"1380",-0.508943407402843,0.264257949184639,-0.07375471097373,-0.159515269987523,0.734605411311808,0.447736988281261,"Vireo_griseus",129.86,4.87412804944159
"1381",-0.508168465355968,0.259096510245863,-0.0759577086750028,-0.163750010865382,0.734473449497173,0.447757354380168,"Vireo_griseus",199.71,5.3018610801714
"1382",-0.507761967480556,0.256389063965021,-0.0771132968750692,-0.165971355257146,0.734404228582524,0.447768037470561,"Vireo_griseus",236.35,5.46953584499733
"1383",-0.14603181406895,0.433616946205365,-0.476998513603122,-0.065508186268854,-0.125887723675178,0.179138870455562,"Vireo_huttoni",137.44,4.93043701876714
"1385",-1.33096830748532,0.143787200855083,-0.536802119864745,0.0806272748000696,0.581770451177174,-0.784086109929341,"Vireo_olivaceus",106.15,4.67422972191959
"1386",-1.33094745006158,0.143648281668184,-0.536861413145753,0.0805132975223263,0.581766899449021,-0.784085561779507,"Vireo_olivaceus",108.03,4.69162307371829
"1387",1.18095624442695,0.521867691320755,0.474835892385268,-0.441343021261705,0.210289781924789,-0.263092994001336,"Vireo_philadelphicus",157.18,5.06373362509127
"1391",1.13260078059239,0.504524792201387,0.493854325824457,-0.443413403217217,0.272420506434262,-0.277593647795798,"Vireo_solitarius",171.72,5.15167178620655
"1392",0.653730377856243,0.625512746632748,-0.46798502215061,-0.131814185901768,-0.704310175977503,0.183573247848984,"Vireo_vicinior",90.91,4.52080983737002
"1393",0.653769651941367,0.625251164759544,-0.468096670137189,-0.13202880269071,-0.704316863806047,0.183574280003459,"Vireo_vicinior",94.45,4.55860255017176
"1394",-2.24813527203037,-0.0263888241716486,-0.676342511801615,0.175651683327502,1.11928831934678,-0.0708536492592544,"Volatinia_jacarina",128.76,4.8656865903671
"1395",0.944994717983191,0.462065364730721,0.137539754288393,-0.399485662755151,-0.0252922674560628,-0.0565922825235236,"Xanthocephalus_xanthocephalus",1171.76,7.06711522413874
"1410",1.39909199084656,0.530685868947842,0.582721628427441,-0.499748761972315,0.201050845466941,-0.394999211760702,"Zonotrichia_albicollis",341.03,5.83489845251374
"1411",2.59936269498004,-1.32309882923545,0.770160308850267,1.81379141559677,0.204015447894819,-0.31093419148283,"Zonotrichia_atricapilla",745.08,6.61483283306001
"1431",-0.921157098860288,0.126759848958698,0.072494616534892,-0.162900180245025,1.22962655729612,0.242116269192807,"Zosterops_japonicus",147.84,5.00287190347842
"1436",-4.01964253332586,-1.14150065526814,2.07609142236169,-0.179462633284589,0.0252314504044586,0.372020819208619,"Zosterops_modestus",95.78,4.57244036136517
"1444",-1.46176888965835,0.119761580197835,-0.38036532993123,0.00851992515756578,1.01598919303148,0.671551870437059,"Zosterops_palpebrosus",44.34,3.81418964507938
"1449",-1.56447937879718,0.201871885993833,-0.902551069306729,0.184202554206107,0.310309931326112,0.180080022919116,"Zosterops_senegalensis",24.96,3.25655689183589
